sample_name,file_path,label
lai_b_00000_h_r17_03,lai_b_00000_h_r17_03.mzML,1
lai_b_00000_h_r18_04,lai_b_00000_h_r18_04.mzML,1
lai_b_00000_h_r19_27,lai_b_00000_h_r19_27.mzML,1
lai_b_00000_h_r20_28,lai_b_00000_h_r20_28.mzML,1
lai_b_01084_h_r1_19,lai_b_01084_h_r1_19.mzML,1
lai_b_01084_h_r2_20,lai_b_01084_h_r2_20.mzML,1
lai_b_01085_h_r1_21,lai_b_01085_h_r1_21.mzML,1
lai_b_01085_h_r2_22,lai_b_01085_h_r2_22.mzML,1
lai_b_01086_h_r1_17,lai_b_01086_h_r1_17.mzML,1
lai_b_01086_h_r2_18,lai_b_01086_h_r2_18.mzML,1
lai_b_01087_h_r1_19,lai_b_01087_h_r1_19.mzML,1
lai_b_01087_h_r2_20,lai_b_01087_h_r2_20.mzML,1
lai_b_01088_h_r1_31,lai_b_01088_h_r1_31.mzML,1
lai_b_01088_h_r2_32,lai_b_01088_h_r2_32.mzML,1
lai_b_01089_h_r1_21,lai_b_01089_h_r1_21.mzML,1
lai_b_01089_h_r2_22,lai_b_01089_h_r2_22.mzML,1
lai_b_01090_h_r1_07,lai_b_01090_h_r1_07.mzML,1
lai_b_01090_h_r2_08,lai_b_01090_h_r2_08.mzML,1
lai_b_01091_h_r1_09,lai_b_01091_h_r1_09.mzML,1
lai_b_01091_h_r2_10,lai_b_01091_h_r2_10.mzML,1
lai_b_01093_h_r1_11,lai_b_01093_h_r1_11.mzML,1
lai_b_01093_h_r2_12,lai_b_01093_h_r2_12.mzML,1
lai_b_01094_h_r1_13,lai_b_01094_h_r1_13.mzML,1
lai_b_01094_h_r2_14,lai_b_01094_h_r2_14.mzML,1
lai_b_01095_h_r1_15,lai_b_01095_h_r1_15.mzML,1
lai_b_01095_h_r2_16,lai_b_01095_h_r2_16.mzML,1
lai_b_01099_h_r1_05,lai_b_01099_h_r1_05.mzML,1
lai_b_01099_h_r2_06,lai_b_01099_h_r2_06.mzML,1
lai_b_01102_h_r1_142,lai_b_01102_h_r1_142.mzML,1
lai_b_01102_h_r2_143,lai_b_01102_h_r2_143.mzML,1
lai_b_01103_h_r1_07,lai_b_01103_h_r1_07.mzML,1
lai_b_01103_h_r2_08,lai_b_01103_h_r2_08.mzML,1
lai_b_01104_h_r1_19,lai_b_01104_h_r1_19.mzML,1
lai_b_01104_h_r2_20,lai_b_01104_h_r2_20.mzML,1
lai_b_01105_h_r1_140,lai_b_01105_h_r1_140.mzML,1
lai_b_01105_h_r2_141,lai_b_01105_h_r2_141.mzML,1
lai_b_01106_h_r1_09,lai_b_01106_h_r1_09.mzML,1
lai_b_01106_h_r2_10,lai_b_01106_h_r2_10.mzML,1
lai_b_01107_h_r1_11,lai_b_01107_h_r1_11.mzML,1
lai_b_01107_h_r2_12,lai_b_01107_h_r2_12.mzML,1
lai_b_01108_h_r1_13,lai_b_01108_h_r1_13.mzML,1
lai_b_01108_h_r2_14,lai_b_01108_h_r2_14.mzML,1
lai_b_01109_h_r1_05,lai_b_01109_h_r1_05.mzML,1
lai_b_01109_h_r1_15,lai_b_01109_h_r1_15.mzML,1
lai_b_01109_h_r2_06,lai_b_01109_h_r2_06.mzML,1
lai_b_01109_h_r2_16,lai_b_01109_h_r2_16.mzML,1
lai_b_01110_h_r1_144,lai_b_01110_h_r1_144.mzML,1
lai_b_01110_h_r2_145,lai_b_01110_h_r2_145.mzML,1
lai_b_01111_h_r1_17,lai_b_01111_h_r1_17.mzML,1
lai_b_01111_h_r2_18,lai_b_01111_h_r2_18.mzML,1
lai_b_01112_h_r1_41,lai_b_01112_h_r1_41.mzML,1
lai_b_01112_h_r2_42,lai_b_01112_h_r2_42.mzML,1
lai_b_01113_h_r1_115,lai_b_01113_h_r1_115.mzML,1
lai_b_01113_h_r2_116,lai_b_01113_h_r2_116.mzML,1
lai_b_01114_h_r1_117,lai_b_01114_h_r1_117.mzML,1
lai_b_01114_h_r2_118,lai_b_01114_h_r2_118.mzML,1
lai_b_01115_h_r1_43,lai_b_01115_h_r1_43.mzML,1
lai_b_01115_h_r2_44,lai_b_01115_h_r2_44.mzML,1
lai_b_01116_h_r1_119,lai_b_01116_h_r1_119.mzML,1
lai_b_01116_h_r2_120,lai_b_01116_h_r2_120.mzML,1
lai_b_01117_h_r1_45,lai_b_01117_h_r1_45.mzML,1
lai_b_01117_h_r2_46,lai_b_01117_h_r2_46.mzML,1
lai_b_01118_h_r1_47,lai_b_01118_h_r1_47.mzML,1
lai_b_01118_h_r2_48,lai_b_01118_h_r2_48.mzML,1
lai_b_01119_h_r1_125,lai_b_01119_h_r1_125.mzML,1
lai_b_01119_h_r2_126,lai_b_01119_h_r2_126.mzML,1
lai_b_01120_h_r1_127,lai_b_01120_h_r1_127.mzML,1
lai_b_01120_h_r1_17,lai_b_01120_h_r1_17.mzML,1
lai_b_01120_h_r2_128,lai_b_01120_h_r2_128.mzML,1
lai_b_01120_h_r2_18,lai_b_01120_h_r2_18.mzML,1
lai_b_01121_h_r1_129,lai_b_01121_h_r1_129.mzML,1
lai_b_01121_h_r2_130,lai_b_01121_h_r2_130.mzML,1
lai_b_01122_h_r1_05,lai_b_01122_h_r1_05.mzML,1
lai_b_01122_h_r2_06,lai_b_01122_h_r2_06.mzML,1
lai_b_01123_h_r1_138,lai_b_01123_h_r1_138.mzML,1
lai_b_01123_h_r2_139,lai_b_01123_h_r2_139.mzML,1
lai_b_01124_h_r1_131,lai_b_01124_h_r1_131.mzML,1
lai_b_01124_h_r2_132,lai_b_01124_h_r2_132.mzML,1
lai_b_01125_h_r1_133,lai_b_01125_h_r1_133.mzML,1
lai_b_01125_h_r2_134,lai_b_01125_h_r2_134.mzML,1
lai_b_01126_h_r1_135,lai_b_01126_h_r1_135.mzML,1
lai_b_01126_h_r2_136,lai_b_01126_h_r2_136.mzML,1
lai_b_01126_h_r2_137,lai_b_01126_h_r2_137.mzML,1
lai_b_01127_h_r1_23,lai_b_01127_h_r1_23.mzML,1
lai_b_01127_h_r2_24,lai_b_01127_h_r2_24.mzML,1
lai_b_01128_h_r1_29,lai_b_01128_h_r1_29.mzML,1
lai_b_01128_h_r2_30,lai_b_01128_h_r2_30.mzML,1
lai_b_01129_h_r1_31,lai_b_01129_h_r1_31.mzML,1
lai_b_01129_h_r2_32,lai_b_01129_h_r2_32.mzML,1
lai_b_01130_h_r1_23,lai_b_01130_h_r1_23.mzML,1
lai_b_01130_h_r2_24,lai_b_01130_h_r2_24.mzML,1
lai_b_01131_h_r1_21,lai_b_01131_h_r1_21.mzML,1
lai_b_01131_h_r2_22,lai_b_01131_h_r2_22.mzML,1
lai_b_01132_h_r1_29,lai_b_01132_h_r1_29.mzML,1
lai_b_01132_h_r2_30,lai_b_01132_h_r2_30.mzML,1
lai_b_01133_h_r1_29,lai_b_01133_h_r1_29.mzML,1
lai_b_01133_h_r2_30,lai_b_01133_h_r2_30.mzML,1
lai_b_01134_h_r1_31,lai_b_01134_h_r1_31.mzML,1
lai_b_01134_h_r2_32,lai_b_01134_h_r2_32.mzML,1
lai_b_01135_h_r1_33,lai_b_01135_h_r1_33.mzML,1
lai_b_01135_h_r2_34,lai_b_01135_h_r2_34.mzML,1
lai_b_01136_h_r1_35,lai_b_01136_h_r1_35.mzML,1
lai_b_01136_h_r2_36,lai_b_01136_h_r2_36.mzML,1
lai_b_01137_h_r1_37,lai_b_01137_h_r1_37.mzML,1
lai_b_01137_h_r2_38,lai_b_01137_h_r2_38.mzML,1
lai_b_01138_h_r1_11,lai_b_01138_h_r1_11.mzML,1
lai_b_01138_h_r1_39,lai_b_01138_h_r1_39.mzML,1
lai_b_01138_h_r2_12,lai_b_01138_h_r2_12.mzML,1
lai_b_01138_h_r2_40,lai_b_01138_h_r2_40.mzML,1
lai_b_01351_h_r1_18,lai_b_01351_h_r1_18.mzML,1
lai_b_01351_h_r2_19,lai_b_01351_h_r2_19.mzML,1
lai_b_01362_h_r1_44,lai_b_01362_h_r1_44.mzML,1
lai_b_01362_h_r2_45,lai_b_01362_h_r2_45.mzML,1
lai_b_01363_h_r1_46,lai_b_01363_h_r1_46.mzML,1
lai_b_01363_h_r2_47,lai_b_01363_h_r2_47.mzML,1
lai_b_01364_h_r1_48,lai_b_01364_h_r1_48.mzML,1
lai_b_01364_h_r2_49,lai_b_01364_h_r2_49.mzML,1
lai_b_01365_h_r1_54,lai_b_01365_h_r1_54.mzML,1
lai_b_01365_h_r2_55,lai_b_01365_h_r2_55.mzML,1
lai_b_01366_h_r1_56,lai_b_01366_h_r1_56.mzML,1
lai_b_01366_h_r2_57,lai_b_01366_h_r2_57.mzML,1
lai_b_01382_h_r1_23,lai_b_01382_h_r1_23.mzML,1
lai_b_01382_h_r2_24,lai_b_01382_h_r2_24.mzML,1
lai_c_00000_h_r17_01,lai_c_00000_h_r17_01.mzML,0
lai_c_00000_h_r18_02,lai_c_00000_h_r18_02.mzML,0
lai_c_00000_h_r19_25,lai_c_00000_h_r19_25.mzML,0
lai_c_00000_h_r1_01,lai_c_00000_h_r1_01.mzML,0
lai_c_00000_h_r20_26,lai_c_00000_h_r20_26.mzML,0
lai_c_00000_h_r2_02,lai_c_00000_h_r2_02.mzML,0
lai_c_01169_h_r1_33,lai_c_01169_h_r1_33.mzML,0
lai_c_01169_h_r2_34,lai_c_01169_h_r2_34.mzML,0
lai_c_01184_h_r1_05,lai_c_01184_h_r1_05.mzML,0
lai_c_01184_h_r2_06,lai_c_01184_h_r2_06.mzML,0
lai_c_01185_h_r1_07,lai_c_01185_h_r1_07.mzML,0
lai_c_01185_h_r2_08,lai_c_01185_h_r2_08.mzML,0
lai_c_01186_h_r1_09,lai_c_01186_h_r1_09.mzML,0
lai_c_01186_h_r2_10,lai_c_01186_h_r2_10.mzML,0
lai_c_01187_h_r1_11,lai_c_01187_h_r1_11.mzML,0
lai_c_01187_h_r2_12,lai_c_01187_h_r2_12.mzML,0
lai_c_01188_h_r1_09,lai_c_01188_h_r1_09.mzML,0
lai_c_01188_h_r2_10,lai_c_01188_h_r2_10.mzML,0
lai_c_01189_h_r1_13,lai_c_01189_h_r1_13.mzML,0
lai_c_01189_h_r2_14,lai_c_01189_h_r2_14.mzML,0
lai_c_01190_h_r1_15,lai_c_01190_h_r1_15.mzML,0
lai_c_01190_h_r2_16,lai_c_01190_h_r2_16.mzML,0
lai_c_01191_h_r1_17,lai_c_01191_h_r1_17.mzML,0
lai_c_01191_h_r2_18,lai_c_01191_h_r2_18.mzML,0
lai_c_01192_h_r1_19,lai_c_01192_h_r1_19.mzML,0
lai_c_01192_h_r2_20,lai_c_01192_h_r2_20.mzML,0
lai_c_01193_h_r1_23,lai_c_01193_h_r1_23.mzML,0
lai_c_01193_h_r2_24,lai_c_01193_h_r2_24.mzML,0
lai_c_01194_h_r1_29,lai_c_01194_h_r1_29.mzML,0
lai_c_01194_h_r2_30,lai_c_01194_h_r2_30.mzML,0
lai_c_01195_h_r1_31,lai_c_01195_h_r1_31.mzML,0
lai_c_01195_h_r2_32,lai_c_01195_h_r2_32.mzML,0
lai_c_01196_h_r1_07,lai_c_01196_h_r1_07.mzML,0
lai_c_01196_h_r1_33,lai_c_01196_h_r1_33.mzML,0
lai_c_01196_h_r2_08,lai_c_01196_h_r2_08.mzML,0
lai_c_01196_h_r2_34,lai_c_01196_h_r2_34.mzML,0
lai_c_01197_h_r1_35,lai_c_01197_h_r1_35.mzML,0
lai_c_01197_h_r2_36,lai_c_01197_h_r2_36.mzML,0
lai_c_01198_h_r1_37,lai_c_01198_h_r1_37.mzML,0
lai_c_01198_h_r2_38,lai_c_01198_h_r2_38.mzML,0
lai_c_01199_h_r1_35,lai_c_01199_h_r1_35.mzML,0
lai_c_01199_h_r2_36,lai_c_01199_h_r2_36.mzML,0
lai_c_01200_h_r1_21,lai_c_01200_h_r1_21.mzML,0
lai_c_01200_h_r2_22,lai_c_01200_h_r2_22.mzML,0
lai_c_01201_h_r1_39,lai_c_01201_h_r1_39.mzML,0
lai_c_01201_h_r2_40,lai_c_01201_h_r2_40.mzML,0
lai_c_01202_h_r1_41,lai_c_01202_h_r1_41.mzML,0
lai_c_01202_h_r2_42,lai_c_01202_h_r2_42.mzML,0
lai_c_01203_h_r1_43,lai_c_01203_h_r1_43.mzML,0
lai_c_01203_h_r2_44,lai_c_01203_h_r2_44.mzML,0
lai_c_01204_h_r1_15,lai_c_01204_h_r1_15.mzML,0
lai_c_01204_h_r2_16,lai_c_01204_h_r2_16.mzML,0
lai_c_01205_h_r1_45,lai_c_01205_h_r1_45.mzML,0
lai_c_01205_h_r2_46,lai_c_01205_h_r2_46.mzML,0
lai_c_01206_h_r1_47,lai_c_01206_h_r1_47.mzML,0
lai_c_01206_h_r2_48,lai_c_01206_h_r2_48.mzML,0
lai_c_01207_h_r1_53,lai_c_01207_h_r1_53.mzML,0
lai_c_01207_h_r2_54,lai_c_01207_h_r2_54.mzML,0
lai_c_01208_h_r1_55,lai_c_01208_h_r1_55.mzML,0
lai_c_01208_h_r2_56,lai_c_01208_h_r2_56.mzML,0
lai_c_01209_h_r1_57,lai_c_01209_h_r1_57.mzML,0
lai_c_01209_h_r2_58,lai_c_01209_h_r2_58.mzML,0
lai_c_01220_h_r1_05,lai_c_01220_h_r1_05.mzML,0
lai_c_01220_h_r2_06,lai_c_01220_h_r2_06.mzML,0
lai_c_01221_h_r1_45,lai_c_01221_h_r1_45.mzML,0
lai_c_01221_h_r2_46,lai_c_01221_h_r2_46.mzML,0
lai_c_01222_h_r1_43,lai_c_01222_h_r1_43.mzML,0
lai_c_01222_h_r2_44,lai_c_01222_h_r2_44.mzML,0
lai_c_01223_h_r1_65,lai_c_01223_h_r1_65.mzML,0
lai_c_01223_h_r2_66,lai_c_01223_h_r2_66.mzML,0
lai_c_01224_h_r1_09,lai_c_01224_h_r1_09.mzML,0
lai_c_01224_h_r2_10,lai_c_01224_h_r2_10.mzML,0
lai_c_01225_h_r1_33,lai_c_01225_h_r1_33.mzML,0
lai_c_01225_h_r2_30,lai_c_01225_h_r2_30.mzML,0
lai_c_01225_h_r2_34,lai_c_01225_h_r2_34.mzML,0
lai_c_01226_h_r1_89,lai_c_01226_h_r1_89.mzML,0
lai_c_01226_h_r2_90,lai_c_01226_h_r2_90.mzML,0
lai_c_01227_h_r1_17,lai_c_01227_h_r1_17.mzML,0
lai_c_01227_h_r2_18,lai_c_01227_h_r2_18.mzML,0
lai_c_01228_h_r1_35,lai_c_01228_h_r1_35.mzML,0
lai_c_01228_h_r2_36,lai_c_01228_h_r2_36.mzML,0
lai_c_01229_h_r1_11,lai_c_01229_h_r1_11.mzML,0
lai_c_01229_h_r2_12,lai_c_01229_h_r2_12.mzML,0
lai_c_01230_h_r1_67,lai_c_01230_h_r1_67.mzML,0
lai_c_01230_h_r2_68,lai_c_01230_h_r2_68.mzML,0
lai_c_01231_h_r1_13,lai_c_01231_h_r1_13.mzML,0
lai_c_01231_h_r2_14,lai_c_01231_h_r2_14.mzML,0
lai_c_01232_h_r1_59,lai_c_01232_h_r1_59.mzML,0
lai_c_01232_h_r2_60,lai_c_01232_h_r2_60.mzML,0
lai_c_01233_h_r1_81,lai_c_01233_h_r1_81.mzML,0
lai_c_01233_h_r2_82,lai_c_01233_h_r2_82.mzML,0
lai_c_01234_h_r1_63,lai_c_01234_h_r1_63.mzML,0
lai_c_01234_h_r2_64,lai_c_01234_h_r2_64.mzML,0
lai_c_01235_h_r1_93,lai_c_01235_h_r1_93.mzML,0
lai_c_01235_h_r2_94,lai_c_01235_h_r2_94.mzML,0
lai_c_01236_h_r1_41,lai_c_01236_h_r1_41.mzML,0
lai_c_01236_h_r2_42,lai_c_01236_h_r2_42.mzML,0
lai_c_01237_h_r1_95,lai_c_01237_h_r1_95.mzML,0
lai_c_01237_h_r2_96,lai_c_01237_h_r2_96.mzML,0
lai_c_01238_h_r1_47,lai_c_01238_h_r1_47.mzML,0
lai_c_01238_h_r2_48,lai_c_01238_h_r2_48.mzML,0
lai_c_01239_h_r1_63,lai_c_01239_h_r1_63.mzML,0
lai_c_01239_h_r2_64,lai_c_01239_h_r2_64.mzML,0
lai_c_01240_h_r1_11,lai_c_01240_h_r1_11.mzML,0
lai_c_01240_h_r2_12,lai_c_01240_h_r2_12.mzML,0
lai_c_01241_h_r1_69,lai_c_01241_h_r1_69.mzML,0
lai_c_01241_h_r2_70,lai_c_01241_h_r2_70.mzML,0
lai_c_01242_h_r1_31,lai_c_01242_h_r1_31.mzML,0
lai_c_01242_h_r2_32,lai_c_01242_h_r2_32.mzML,0
lai_c_01243_h_r1_77,lai_c_01243_h_r1_77.mzML,0
lai_c_01243_h_r2_78,lai_c_01243_h_r2_78.mzML,0
lai_c_01244_h_r1_91,lai_c_01244_h_r1_91.mzML,0
lai_c_01244_h_r2_92,lai_c_01244_h_r2_92.mzML,0
lai_c_01245_h_r1_15,lai_c_01245_h_r1_15.mzML,0
lai_c_01245_h_r2_16,lai_c_01245_h_r2_16.mzML,0
lai_c_01246_h_r1_85,lai_c_01246_h_r1_85.mzML,0
lai_c_01246_h_r2_86,lai_c_01246_h_r2_86.mzML,0
lai_c_01247_h_r1_65,lai_c_01247_h_r1_65.mzML,0
lai_c_01247_h_r2_66,lai_c_01247_h_r2_66.mzML,0
lai_c_01248_h_r1_83,lai_c_01248_h_r1_83.mzML,0
lai_c_01248_h_r2_84,lai_c_01248_h_r2_84.mzML,0
lai_c_01249_h_r1_53,lai_c_01249_h_r1_53.mzML,0
lai_c_01249_h_r2_54,lai_c_01249_h_r2_54.mzML,0
lai_c_01250_h_r1_79,lai_c_01250_h_r1_79.mzML,0
lai_c_01250_h_r2_80,lai_c_01250_h_r2_80.mzML,0
lai_c_01251_h_r1_37,lai_c_01251_h_r1_37.mzML,0
lai_c_01251_h_r2_38,lai_c_01251_h_r2_38.mzML,0
lai_c_01252_h_r1_29,lai_c_01252_h_r1_29.mzML,0
lai_c_01253_h_r1_87,lai_c_01253_h_r1_87.mzML,0
lai_c_01253_h_r2_88,lai_c_01253_h_r2_88.mzML,0
lai_c_01254_h_r1_21,lai_c_01254_h_r1_21.mzML,0
lai_c_01254_h_r2_22,lai_c_01254_h_r2_22.mzML,0
lai_c_01255_h_r1_71,lai_c_01255_h_r1_71.mzML,0
lai_c_01255_h_r2_72,lai_c_01255_h_r2_72.mzML,0
lai_c_01256_h_r1_61,lai_c_01256_h_r1_61.mzML,0
lai_c_01256_h_r2_62,lai_c_01256_h_r2_62.mzML,0
lai_c_01257_h_r1_39,lai_c_01257_h_r1_39.mzML,0
lai_c_01257_h_r2_40,lai_c_01257_h_r2_40.mzML,0
lai_c_01258_h_r1_19,lai_c_01258_h_r1_19.mzML,0
lai_c_01258_h_r2_20,lai_c_01258_h_r2_20.mzML,0
lai_c_01259_h_r1_23,lai_c_01259_h_r1_23.mzML,0
lai_c_01259_h_r2_24,lai_c_01259_h_r2_24.mzML,0
lai_c_01260_h_r1_07,lai_c_01260_h_r1_07.mzML,0
lai_c_01260_h_r2_08,lai_c_01260_h_r2_08.mzML,0
lai_c_01261_h_r1_55,lai_c_01261_h_r1_55.mzML,0
lai_c_01261_h_r2_56,lai_c_01261_h_r2_56.mzML,0
lai_c_01262_h_r1_37,lai_c_01262_h_r1_37.mzML,0
lai_c_01262_h_r2_38,lai_c_01262_h_r2_38.mzML,0
lai_c_01263_h_r1_39,lai_c_01263_h_r1_39.mzML,0
lai_c_01263_h_r2_40,lai_c_01263_h_r2_40.mzML,0
lai_c_01264_h_r1_41,lai_c_01264_h_r1_41.mzML,0
lai_c_01264_h_r2_42,lai_c_01264_h_r2_42.mzML,0
lai_c_01265_h_r1_57,lai_c_01265_h_r1_57.mzML,0
lai_c_01265_h_r2_58,lai_c_01265_h_r2_58.mzML,0
lai_c_01266_h_r1_43,lai_c_01266_h_r1_43.mzML,0
lai_c_01266_h_r2_44,lai_c_01266_h_r2_44.mzML,0
lai_c_01267_h_r1_07,lai_c_01267_h_r1_07.mzML,0
lai_c_01267_h_r2_08,lai_c_01267_h_r2_08.mzML,0
lai_c_01268_h_r1_45,lai_c_01268_h_r1_45.mzML,0
lai_c_01268_h_r2_46,lai_c_01268_h_r2_46.mzML,0
lai_c_01269_h_r1_47,lai_c_01269_h_r1_47.mzML,0
lai_c_01269_h_r2_48,lai_c_01269_h_r2_48.mzML,0
lai_c_01271_h_r1_53,lai_c_01271_h_r1_53.mzML,0
lai_c_01271_h_r2_54,lai_c_01271_h_r2_54.mzML,0
lai_c_01272_h_r1_55,lai_c_01272_h_r1_55.mzML,0
lai_c_01272_h_r2_56,lai_c_01272_h_r2_56.mzML,0
lai_c_01273_h_r1_57,lai_c_01273_h_r1_57.mzML,0
lai_c_01273_h_r2_58,lai_c_01273_h_r2_58.mzML,0
lai_c_01274_h_r1_59,lai_c_01274_h_r1_59.mzML,0
lai_c_01274_h_r2_60,lai_c_01274_h_r2_60.mzML,0
lai_c_01275_h_r1_61,lai_c_01275_h_r1_61.mzML,0
lai_c_01275_h_r2_62,lai_c_01275_h_r2_62.mzML,0
lai_c_01338_h_r1_13,lai_c_01338_h_r1_13.mzML,0
lai_c_01338_h_r2_14,lai_c_01338_h_r2_14.mzML,0
lai_c_01339_h_r1_59,lai_c_01339_h_r1_59.mzML,0
lai_c_01339_h_r2_60,lai_c_01339_h_r2_60.mzML,0
lai_c_01340_h_r1_61,lai_c_01340_h_r1_61.mzML,0
lai_c_01340_h_r2_62,lai_c_01340_h_r2_62.mzML,0
lai_c_01341_h_r1_63,lai_c_01341_h_r1_63.mzML,0
lai_c_01341_h_r2_64,lai_c_01341_h_r2_64.mzML,0
lai_c_01342_h_r1_65,lai_c_01342_h_r1_65.mzML,0
lai_c_01342_h_r2_66,lai_c_01342_h_r2_66.mzML,0
lai_c_01343_h_r1_67,lai_c_01343_h_r1_67.mzML,0
lai_c_01343_h_r2_68,lai_c_01343_h_r2_68.mzML,0
lai_c_01344_h_r1_69,lai_c_01344_h_r1_69.mzML,0
lai_c_01344_h_r2_70,lai_c_01344_h_r2_70.mzML,0
lai_c_01345_h_r1_71,lai_c_01345_h_r1_71.mzML,0
lai_c_01345_h_r2_72,lai_c_01345_h_r2_72.mzML,0
lai_c_01346_h_r1_77,lai_c_01346_h_r1_77.mzML,0
lai_c_01346_h_r2_78,lai_c_01346_h_r2_78.mzML,0
lai_c_01347_h_r1_79,lai_c_01347_h_r1_79.mzML,0
lai_c_01347_h_r2_80,lai_c_01347_h_r2_80.mzML,0
lai_c_01348_h_r1_81,lai_c_01348_h_r1_81.mzML,0
lai_c_01348_h_r2_82,lai_c_01348_h_r2_82.mzML,0
lai_c_01349_h_r1_83,lai_c_01349_h_r1_83.mzML,0
lai_c_01349_h_r2_84,lai_c_01349_h_r2_84.mzML,0
lai_c_01350_h_r1_85,lai_c_01350_h_r1_85.mzML,0
lai_c_01350_h_r2_86,lai_c_01350_h_r2_86.mzML,0
lai_c_01352_h_r1_20,lai_c_01352_h_r1_20.mzML,0
lai_c_01352_h_r2_21,lai_c_01352_h_r2_21.mzML,0
lai_c_01353_h_r1_22,lai_c_01353_h_r1_22.mzML,0
lai_c_01353_h_r2_23,lai_c_01353_h_r2_23.mzML,0
lai_c_01354_h_r1_24,lai_c_01354_h_r1_24.mzML,0
lai_c_01354_h_r2_25,lai_c_01354_h_r2_25.mzML,0
lai_c_01355_h_r1_30,lai_c_01355_h_r1_30.mzML,0
lai_c_01355_h_r2_31,lai_c_01355_h_r2_31.mzML,0
lai_c_01356_h_r1_32,lai_c_01356_h_r1_32.mzML,0
lai_c_01356_h_r2_33,lai_c_01356_h_r2_33.mzML,0
lai_c_01357_h_r1_34,lai_c_01357_h_r1_34.mzML,0
lai_c_01357_h_r2_35,lai_c_01357_h_r2_35.mzML,0
lai_c_01358_h_r1_36,lai_c_01358_h_r1_36.mzML,0
lai_c_01358_h_r2_37,lai_c_01358_h_r2_37.mzML,0
lai_c_01359_h_r1_38,lai_c_01359_h_r1_38.mzML,0
lai_c_01359_h_r2_39,lai_c_01359_h_r2_39.mzML,0
lai_c_01360_h_r1_40,lai_c_01360_h_r1_40.mzML,0
lai_c_01360_h_r2_41,lai_c_01360_h_r2_41.mzML,0
lai_c_01361_h_r1_42,lai_c_01361_h_r1_42.mzML,0
lai_c_01361_h_r2_43,lai_c_01361_h_r2_43.mzML,0
lai_c_01367_h_r1_87,lai_c_01367_h_r1_87.mzML,0
lai_c_01367_h_r2_88,lai_c_01367_h_r2_88.mzML,0
lai_c_01368_h_r1_89,lai_c_01368_h_r1_89.mzML,0
lai_c_01368_h_r2_90,lai_c_01368_h_r2_90.mzML,0
lai_c_01369_h_r1_91,lai_c_01369_h_r1_91.mzML,0
lai_c_01369_h_r2_92,lai_c_01369_h_r2_92.mzML,0
lai_c_01370_h_r1_93,lai_c_01370_h_r1_93.mzML,0
lai_c_01370_h_r2_94,lai_c_01370_h_r2_94.mzML,0
lai_c_01371_h_r1_95,lai_c_01371_h_r1_95.mzML,0
lai_c_01371_h_r2_96,lai_c_01371_h_r2_96.mzML,0
lai_c_01372_h_r1_06,lai_c_01372_h_r1_06.mzML,0
lai_c_01372_h_r2_07,lai_c_01372_h_r2_07.mzML,0
lai_c_01373_h_r1_08,lai_c_01373_h_r1_08.mzML,0
lai_c_01373_h_r2_09,lai_c_01373_h_r2_09.mzML,0
lai_c_01374_h_r1_107,lai_c_01374_h_r1_107.mzML,0
lai_c_01374_h_r2_108,lai_c_01374_h_r2_108.mzML,0
lai_c_01375_h_r1_105,lai_c_01375_h_r1_105.mzML,0
lai_c_01375_h_r2_106,lai_c_01375_h_r2_106.mzML,0
lai_c_01376_h_r1_09,lai_c_01376_h_r1_09.mzML,0
lai_c_01376_h_r2_10,lai_c_01376_h_r2_10.mzML,0
lai_c_01377_h_r1_109,lai_c_01377_h_r1_109.mzML,0
lai_c_01377_h_r2_110,lai_c_01377_h_r2_110.mzML,0
lai_c_01378_h_r1_111,lai_c_01378_h_r1_111.mzML,0
lai_c_01378_h_r2_112,lai_c_01378_h_r2_112.mzML,0
lai_c_01379_h_r1_10,lai_c_01379_h_r1_10.mzML,0
lai_c_01379_h_r2_11,lai_c_01379_h_r2_11.mzML,0
lai_c_01380_h_r1_12,lai_c_01380_h_r1_12.mzML,0
lai_c_01380_h_r2_13,lai_c_01380_h_r2_13.mzML,0
lai_c_01381_h_r1_14,lai_c_01381_h_r1_14.mzML,0
lai_c_01381_h_r2_15,lai_c_01381_h_r2_15.mzML,0
lai_c_01382_h_r1_16,lai_c_01382_h_r1_16.mzML,0
lai_c_01382_h_r2_17,lai_c_01382_h_r2_17.mzML,0
lai_c_01432_h_r1_113,lai_c_01432_h_r1_113.mzML,0
lai_c_01432_h_r2_114,lai_c_01432_h_r2_114.mzML,0
lai_c_01551_h_r1_67,lai_c_01551_h_r1_67.mzML,0
lai_c_01551_h_r2_68,lai_c_01551_h_r2_68.mzML,0
lai_c_01552_h_r1_69,lai_c_01552_h_r1_69.mzML,0
lai_c_01552_h_r2_70,lai_c_01552_h_r2_70.mzML,0
lai_c_01553_h_r1_71,lai_c_01553_h_r1_71.mzML,0
lai_c_01553_h_r2_72,lai_c_01553_h_r2_72.mzML,0
lai_c_01554_h_r1_77,lai_c_01554_h_r1_77.mzML,0
lai_c_01554_h_r2_78,lai_c_01554_h_r2_78.mzML,0
lai_c_01555_h_r1_79,lai_c_01555_h_r1_79.mzML,0
lai_c_01555_h_r2_80,lai_c_01555_h_r2_80.mzML,0
lai_c_01556_h_r1_81,lai_c_01556_h_r1_81.mzML,0
lai_c_01556_h_r2_82,lai_c_01556_h_r2_82.mzML,0
lai_c_01557_h_r1_83,lai_c_01557_h_r1_83.mzML,0
lai_c_01557_h_r2_84,lai_c_01557_h_r2_84.mzML,0
lai_c_01559_h_r1_05,lai_c_01559_h_r1_05.mzML,0
lai_c_01559_h_r2_06,lai_c_01559_h_r2_06.mzML,0
lai_c_01560_h_r1_85,lai_c_01560_h_r1_85.mzML,0
lai_c_01560_h_r2_86,lai_c_01560_h_r2_86.mzML,0
lai_c_01561_h_r1_87,lai_c_01561_h_r1_87.mzML,0
lai_c_01561_h_r2_88,lai_c_01561_h_r2_88.mzML,0
lai_c_01562_h_r1_89,lai_c_01562_h_r1_89.mzML,0
lai_c_01562_h_r2_90,lai_c_01562_h_r2_90.mzML,0
lai_c_01563_h_r1_91,lai_c_01563_h_r1_91.mzML,0
lai_c_01563_h_r2_92,lai_c_01563_h_r2_92.mzML,0
lai_c_01564_h_r1_93,lai_c_01564_h_r1_93.mzML,0
lai_c_01564_h_r2_94,lai_c_01564_h_r2_94.mzML,0
lai_c_01565_h_r1_95,lai_c_01565_h_r1_95.mzML,0
lai_c_01565_h_r2_96,lai_c_01565_h_r2_96.mzML,0
lai_c_01566_h_r1_101,lai_c_01566_h_r1_101.mzML,0
lai_c_01566_h_r2_102,lai_c_01566_h_r2_102.mzML,0
lai_c_01567_h_r1_103,lai_c_01567_h_r1_103.mzML,0
lai_c_01567_h_r2_104,lai_c_01567_h_r2_104.mzML,0
