dataset,sample_name,original_sample_name,file_path,label,sample_type,disease,subject_id,cohort,batch,replicate_suffix,raw_file,url,raw_sha256
lung,lcy20201008_101,t27,lcy20201008_101.mzML,0,clinical,Pulmonary Tuberculosis,t27,discovery,lcy20201008,,lcy20201008_101.raw.zip,https://ftp.ebi.ac.uk/pub/databases/metabolights/studies/public/MTBLS6990/FILES/RAW_FILES/untargeted/lcy20201008_101.raw.zip,31fd93081acbe7d165cbacaa1a5bfcec7a3d325465973e21ecf87f4471a2b155
lung,lcy20201008_102,c27,lcy20201008_102.mzML,1,clinical,lung cancer,c27,discovery,lcy20201008,,lcy20201008_102.raw.zip,https://ftp.ebi.ac.uk/pub/databases/metabolights/studies/public/MTBLS6990/FILES/RAW_FILES/untargeted/lcy20201008_102.raw.zip,504438d5b9b86add77adc2762b8987cba9b3f791ec0bc877474b0a61ede4d1e1
lung,lcy20201008_104,t28,lcy20201008_104.mzML,0,clinical,Pulmonary Tuberculosis,t28,discovery,lcy20201008,,lcy20201008_104.raw.zip,https://ftp.ebi.ac.uk/pub/databases/metabolights/studies/public/MTBLS6990/FILES/RAW_FILES/untargeted/lcy20201008_104.raw.zip,9de8efdd3cb8b7e0376858cd276841c32d509193eaed574307fa547a00a81cf7
lung,lcy20201008_105,c28,lcy20201008_105.mzML,1,clinical,lung cancer,c28,discovery,lcy20201008,,lcy20201008_105.raw.zip,https://ftp.ebi.ac.uk/pub/databases/metabolights/studies/public/MTBLS6990/FILES/RAW_FILES/untargeted/lcy20201008_105.raw.zip,be5e9bcdd35bc67f76e225ef1dcb2aa5e37e4b76ad44e3178fa08810030fe261
lung,lcy20201008_108,t29,lcy20201008_108.mzML,0,clinical,Pulmonary Tuberculosis,t29,discovery,lcy20201008,,lcy20201008_108.raw.zip,https://ftp.ebi.ac.uk/pub/databases/metabolights/studies/public/MTBLS6990/FILES/RAW_FILES/untargeted/lcy20201008_108.raw.zip,2e7984bece92fb58c00891a3ae4ee13856fc3ae752941586e8b4f5810588409e
lung,lcy20201008_109,c29,lcy20201008_109.mzML,1,clinical,lung cancer,c29,discovery,lcy20201008,,lcy20201008_109.raw.zip,https://ftp.ebi.ac.uk/pub/databases/metabolights/studies/public/MTBLS6990/FILES/RAW_FILES/untargeted/lcy20201008_109.raw.zip,89bb9b6db13152f5394519ac0e5de8963a30b4c9798d9a32ffdc4f5affb03ae0
lung,lcy20201008_111,t30,lcy20201008_111.mzML,0,clinical,Pulmonary Tuberculosis,t30,discovery,lcy20201008,,lcy20201008_111.raw.zip,https://ftp.ebi.ac.uk/pub/databases/metabolights/studies/public/MTBLS6990/FILES/RAW_FILES/untargeted/lcy20201008_111.raw.zip,28b043ae80e52e32bf1c2af9cf1a44b446e24a1a141170193a6e9004a82dc1fc
lung,lcy20201008_112,c30,lcy20201008_112.mzML,1,clinical,lung cancer,c30,discovery,lcy20201008,,lcy20201008_112.raw.zip,https://ftp.ebi.ac.uk/pub/databases/metabolights/studies/public/MTBLS6990/FILES/RAW_FILES/untargeted/lcy20201008_112.raw.zip,c770cc67a7793b50badb2772cb8b4f76de3acc3302cba8c56af7bf334891d735
lung,lcy20201008_114,c31,lcy20201008_114.mzML,1,clinical,lung cancer,c31,discovery,lcy20201008,,lcy20201008_114.raw.zip,https://ftp.ebi.ac.uk/pub/databases/metabolights/studies/public/MTBLS6990/FILES/RAW_FILES/untargeted/lcy20201008_114.raw.zip,1f45792290e018fcbd0dd2347ffbddcee12dc14a8a896b58ceb2be5cb7b61211
lung,lcy20201008_116,c32,lcy20201008_116.mzML,1,clinical,lung cancer,c32,discovery,lcy20201008,,lcy20201008_116.raw.zip,https://ftp.ebi.ac.uk/pub/databases/metabolights/studies/public/MTBLS6990/FILES/RAW_FILES/untargeted/lcy20201008_116.raw.zip,d6665e956644f0715baff13a0ac0347fe65be9328506681a6eef94c31fa2b7ab
lung,lcy20201008_119,c33,lcy20201008_119.mzML,1,clinical,lung cancer,c33,discovery,lcy20201008,,lcy20201008_119.raw.zip,https://ftp.ebi.ac.uk/pub/databases/metabolights/studies/public/MTBLS6990/FILES/RAW_FILES/untargeted/lcy20201008_119.raw.zip,51a60e372ede6283d47629300a5e39a9484fcee0d7d4c2104fa5e98e85e9e7db
lung,lcy20201008_121,c34,lcy20201008_121.mzML,1,clinical,lung cancer,c34,discovery,lcy20201008,,lcy20201008_121.raw.zip,https://ftp.ebi.ac.uk/pub/databases/metabolights/studies/public/MTBLS6990/FILES/RAW_FILES/untargeted/lcy20201008_121.raw.zip,78bdbb7145891529617dc9d528912f0b1676cfce5c31d91c236d3bc46e58a7ed
lung,lcy20201008_123,c35,lcy20201008_123.mzML,1,clinical,lung cancer,c35,discovery,lcy20201008,,lcy20201008_123.raw.zip,https://ftp.ebi.ac.uk/pub/databases/metabolights/studies/public/MTBLS6990/FILES/RAW_FILES/untargeted/lcy20201008_123.raw.zip,0732d87b9dac902d0a0981b4ccc0c2f0bb0ba5c214762f441b0f29e38f98c833
lung,lcy20201008_125,c36,lcy20201008_125.mzML,1,clinical,lung cancer,c36,discovery,lcy20201008,,lcy20201008_125.raw.zip,https://ftp.ebi.ac.uk/pub/databases/metabolights/studies/public/MTBLS6990/FILES/RAW_FILES/untargeted/lcy20201008_125.raw.zip,316fcc28a1e951d415b31b04ce60023b5e576210a1870357e453a422b328f3c7
lung,lcy20201008_127,c37,lcy20201008_127.mzML,1,clinical,lung cancer,c37,discovery,lcy20201008,,lcy20201008_127.raw.zip,https://ftp.ebi.ac.uk/pub/databases/metabolights/studies/public/MTBLS6990/FILES/RAW_FILES/untargeted/lcy20201008_127.raw.zip,41f485912f6eb16e950ecc9f5608ff9666e8f2e9a5c4a3a5bfcaa04b6ddd6e1e
lung,lcy20201008_129,c38,lcy20201008_129.mzML,1,clinical,lung cancer,c38,discovery,lcy20201008,,lcy20201008_129.raw.zip,https://ftp.ebi.ac.uk/pub/databases/metabolights/studies/public/MTBLS6990/FILES/RAW_FILES/untargeted/lcy20201008_129.raw.zip,3115fdd7756d66a2ab7f1770f37a320c7be4fb6a4d812358ae94b836d979bc52
lung,lcy20201008_130,c39,lcy20201008_130.mzML,1,clinical,lung cancer,c39,discovery,lcy20201008,,lcy20201008_130.raw.zip,https://ftp.ebi.ac.uk/pub/databases/metabolights/studies/public/MTBLS6990/FILES/RAW_FILES/untargeted/lcy20201008_130.raw.zip,ed95e6d28986c12875221a7795e8a72515622e273d943e8fd38d54a234fde5f7
lung,lcy20201008_132,c40,lcy20201008_132.mzML,1,clinical,lung cancer,c40,discovery,lcy20201008,,lcy20201008_132.raw.zip,https://ftp.ebi.ac.uk/pub/databases/metabolights/studies/public/MTBLS6990/FILES/RAW_FILES/untargeted/lcy20201008_132.raw.zip,25899941b44088cb133f079268fab5ad111a21fb75af656f6f6d58ef47e856fc
lung,lcy20201008_133,c41,lcy20201008_133.mzML,1,clinical,lung cancer,c41,discovery,lcy20201008,,lcy20201008_133.raw.zip,https://ftp.ebi.ac.uk/pub/databases/metabolights/studies/public/MTBLS6990/FILES/RAW_FILES/untargeted/lcy20201008_133.raw.zip,840446f053cccc9f1bddba47f13ae2496114d3adbe42130f67a001f4e48bb6c7
lung,lcy20201008_134,c42,lcy20201008_134.mzML,1,clinical,lung cancer,c42,discovery,lcy20201008,,lcy20201008_134.raw.zip,https://ftp.ebi.ac.uk/pub/databases/metabolights/studies/public/MTBLS6990/FILES/RAW_FILES/untargeted/lcy20201008_134.raw.zip,76287fdc438f0c95e34eb0b1c590840b8621831988b842dd6ae08f2a9b7cf3b0
lung,lcy20201008_135,c43,lcy20201008_135.mzML,1,clinical,lung cancer,c43,discovery,lcy20201008,,lcy20201008_135.raw.zip,https://ftp.ebi.ac.uk/pub/databases/metabolights/studies/public/MTBLS6990/FILES/RAW_FILES/untargeted/lcy20201008_135.raw.zip,0501334e0e89ef5bd5098dc9a6320d206ee2c825c4c18641373483c2d2cf9112
lung,lcy20201008_136,c44,lcy20201008_136.mzML,1,clinical,lung cancer,c44,discovery,lcy20201008,,lcy20201008_136.raw.zip,https://ftp.ebi.ac.uk/pub/databases/metabolights/studies/public/MTBLS6990/FILES/RAW_FILES/untargeted/lcy20201008_136.raw.zip,290a82cc00b1612d01e49cc1f9c8fb8b532165df693801184e75fcee0a435f18
lung,lcy20201008_137,c45,lcy20201008_137.mzML,1,clinical,lung cancer,c45,discovery,lcy20201008,,lcy20201008_137.raw.zip,https://ftp.ebi.ac.uk/pub/databases/metabolights/studies/public/MTBLS6990/FILES/RAW_FILES/untargeted/lcy20201008_137.raw.zip,1dffdccdc60a2d494df7c6ebccbd12c8943aec8e0a2fa72938de6d43d31cbb98
lung,lcy20201008_138,c46,lcy20201008_138.mzML,1,clinical,lung cancer,c46,discovery,lcy20201008,,lcy20201008_138.raw.zip,https://ftp.ebi.ac.uk/pub/databases/metabolights/studies/public/MTBLS6990/FILES/RAW_FILES/untargeted/lcy20201008_138.raw.zip,b0713bbc29c3f6e860af666c6d283abc48123a617a646dae4eda245485270ff7
lung,lcy20201008_139,c47,lcy20201008_139.mzML,1,clinical,lung cancer,c47,discovery,lcy20201008,,lcy20201008_139.raw.zip,https://ftp.ebi.ac.uk/pub/databases/metabolights/studies/public/MTBLS6990/FILES/RAW_FILES/untargeted/lcy20201008_139.raw.zip,2860b8f158806e9641159db4622d9d13385b4b17bcf926e8de7d0ec7513bc481
lung,lcy20201008_140,c48,lcy20201008_140.mzML,1,clinical,lung cancer,c48,discovery,lcy20201008,,lcy20201008_140.raw.zip,https://ftp.ebi.ac.uk/pub/databases/metabolights/studies/public/MTBLS6990/FILES/RAW_FILES/untargeted/lcy20201008_140.raw.zip,80cd07123107385063c9801404bee4dc0ad4a8ead788f377bc87e5928b20cf77
lung,lcy20201008_141,c49,lcy20201008_141.mzML,1,clinical,lung cancer,c49,discovery,lcy20201008,,lcy20201008_141.raw.zip,https://ftp.ebi.ac.uk/pub/databases/metabolights/studies/public/MTBLS6990/FILES/RAW_FILES/untargeted/lcy20201008_141.raw.zip,9d9a2fc1000eeae4b24804019c75864f94ee907381bab33dc7999b3caa3bbd40
lung,lcy20201008_142,c50,lcy20201008_142.mzML,1,clinical,lung cancer,c50,discovery,lcy20201008,,lcy20201008_142.raw.zip,https://ftp.ebi.ac.uk/pub/databases/metabolights/studies/public/MTBLS6990/FILES/RAW_FILES/untargeted/lcy20201008_142.raw.zip,7c25afe3926dac739cced5a4e758fc0c457aa67d01a2786a804eae1f2c10193b
lung,lcy20201008_143,c51,lcy20201008_143.mzML,1,clinical,lung cancer,c51,discovery,lcy20201008,,lcy20201008_143.raw.zip,https://ftp.ebi.ac.uk/pub/databases/metabolights/studies/public/MTBLS6990/FILES/RAW_FILES/untargeted/lcy20201008_143.raw.zip,6440e9541ea96841d7fb7b4fd69ac7a0c4e57fcf00287d9e7b8bfe1c141e8040
lung,lcy20201008_144,c52,lcy20201008_144.mzML,1,clinical,lung cancer,c52,discovery,lcy20201008,,lcy20201008_144.raw.zip,https://ftp.ebi.ac.uk/pub/databases/metabolights/studies/public/MTBLS6990/FILES/RAW_FILES/untargeted/lcy20201008_144.raw.zip,635603546f22fbd2924f563eb10eb6fa0126af0e3831d7dce7061768d288466d
lung,lcy20201008_145,c53,lcy20201008_145.mzML,1,clinical,lung cancer,c53,discovery,lcy20201008,,lcy20201008_145.raw.zip,https://ftp.ebi.ac.uk/pub/databases/metabolights/studies/public/MTBLS6990/FILES/RAW_FILES/untargeted/lcy20201008_145.raw.zip,b2526b03ba596bbc662b2dfcfb8c8c378480f49dbcc89a6cc782aad8fc574916
lung,lcy20201008_146,c54,lcy20201008_146.mzML,1,clinical,lung cancer,c54,discovery,lcy20201008,,lcy20201008_146.raw.zip,https://ftp.ebi.ac.uk/pub/databases/metabolights/studies/public/MTBLS6990/FILES/RAW_FILES/untargeted/lcy20201008_146.raw.zip,f7c15e4c8f7c08505ab46283339fe0f8f7ec21c330a5a81a699d90e635393c40
lung,lcy20201008_147,c55,lcy20201008_147.mzML,1,clinical,lung cancer,c55,discovery,lcy20201008,,lcy20201008_147.raw.zip,https://ftp.ebi.ac.uk/pub/databases/metabolights/studies/public/MTBLS6990/FILES/RAW_FILES/untargeted/lcy20201008_147.raw.zip,b10a0486e19bbbc9d3eaf972ff9a43fd339e1430ec7b54e71666a7070e12c77b
lung,lcy20201008_17,t1,lcy20201008_17.mzML,0,clinical,Pulmonary Tuberculosis,t1,discovery,lcy20201008,,lcy20201008_17.raw.zip,https://ftp.ebi.ac.uk/pub/databases/metabolights/studies/public/MTBLS6990/FILES/RAW_FILES/untargeted/lcy20201008_17.raw.zip,c03da9850a7e08bed659094686b3cf3ffc635631f73d288480a1185d333b8927
lung,lcy20201008_18,c1,lcy20201008_18.mzML,1,clinical,lung cancer,c1,discovery,lcy20201008,,lcy20201008_18.raw.zip,https://ftp.ebi.ac.uk/pub/databases/metabolights/studies/public/MTBLS6990/FILES/RAW_FILES/untargeted/lcy20201008_18.raw.zip,54bab07fa1e995c7cb6dd297bcde15088af2a4aa71a238c2bf8cf8a84a8e2c53
lung,lcy20201008_20,t2,lcy20201008_20.mzML,0,clinical,Pulmonary Tuberculosis,t2,discovery,lcy20201008,,lcy20201008_20.raw.zip,https://ftp.ebi.ac.uk/pub/databases/metabolights/studies/public/MTBLS6990/FILES/RAW_FILES/untargeted/lcy20201008_20.raw.zip,8d8c11c2f06da27b2655cd998fe8f8cd9b20e6b6cf82fd58932c7b64ee9aa656
lung,lcy20201008_21,c2,lcy20201008_21.mzML,1,clinical,lung cancer,c2,discovery,lcy20201008,,lcy20201008_21.raw.zip,https://ftp.ebi.ac.uk/pub/databases/metabolights/studies/public/MTBLS6990/FILES/RAW_FILES/untargeted/lcy20201008_21.raw.zip,25c02431ea01e9a3b019c40a5ce47e52047c8400d096d0b703b02accb1a6f0df
lung,lcy20201008_23,t3,lcy20201008_23.mzML,0,clinical,Pulmonary Tuberculosis,t3,discovery,lcy20201008,,lcy20201008_23.raw.zip,https://ftp.ebi.ac.uk/pub/databases/metabolights/studies/public/MTBLS6990/FILES/RAW_FILES/untargeted/lcy20201008_23.raw.zip,230a2d38a4f396d7b96208ddeaf76d99e5506a21eeb9bcef3697b6c6a1df3d23
lung,lcy20201008_24,c3,lcy20201008_24.mzML,1,clinical,lung cancer,c3,discovery,lcy20201008,,lcy20201008_24.raw.zip,https://ftp.ebi.ac.uk/pub/databases/metabolights/studies/public/MTBLS6990/FILES/RAW_FILES/untargeted/lcy20201008_24.raw.zip,d6c53f3fc54ec96f5f2b42095dfd3f3f187cbcb1c84e348ac57a1607228b24cf
lung,lcy20201008_26,t4,lcy20201008_26.mzML,0,clinical,Pulmonary Tuberculosis,t4,discovery,lcy20201008,,lcy20201008_26.raw.zip,https://ftp.ebi.ac.uk/pub/databases/metabolights/studies/public/MTBLS6990/FILES/RAW_FILES/untargeted/lcy20201008_26.raw.zip,9ed282cde977cb953195750b46f5f4b1918d045bb8998aa1b695f58049642175
lung,lcy20201008_27,c4,lcy20201008_27.mzML,1,clinical,lung cancer,c4,discovery,lcy20201008,,lcy20201008_27.raw.zip,https://ftp.ebi.ac.uk/pub/databases/metabolights/studies/public/MTBLS6990/FILES/RAW_FILES/untargeted/lcy20201008_27.raw.zip,492e0036c238124cfc3c50abd559592167a7043aa863bf9c1f43ea3e32daf64a
lung,lcy20201008_30,t5,lcy20201008_30.mzML,0,clinical,Pulmonary Tuberculosis,t5,discovery,lcy20201008,,lcy20201008_30.raw.zip,https://ftp.ebi.ac.uk/pub/databases/metabolights/studies/public/MTBLS6990/FILES/RAW_FILES/untargeted/lcy20201008_30.raw.zip,b4ca994bebc75eea423969911365bb34cda4e31d334b0b00659e49fff951df8b
lung,lcy20201008_31,c5,lcy20201008_31.mzML,1,clinical,lung cancer,c5,discovery,lcy20201008,,lcy20201008_31.raw.zip,https://ftp.ebi.ac.uk/pub/databases/metabolights/studies/public/MTBLS6990/FILES/RAW_FILES/untargeted/lcy20201008_31.raw.zip,84fe616bf99d2dab49f9ab26e46fcd86434e54ac5ec0f1672f82506846836b7a
lung,lcy20201008_33,t6,lcy20201008_33.mzML,0,clinical,Pulmonary Tuberculosis,t6,discovery,lcy20201008,,lcy20201008_33.raw.zip,https://ftp.ebi.ac.uk/pub/databases/metabolights/studies/public/MTBLS6990/FILES/RAW_FILES/untargeted/lcy20201008_33.raw.zip,cdcfe941641d53036b815b578136b1646b63b78806a7dd01d1b3ec2fc072713c
lung,lcy20201008_34,c6,lcy20201008_34.mzML,1,clinical,lung cancer,c6,discovery,lcy20201008,,lcy20201008_34.raw.zip,https://ftp.ebi.ac.uk/pub/databases/metabolights/studies/public/MTBLS6990/FILES/RAW_FILES/untargeted/lcy20201008_34.raw.zip,3ff2c7859aa33a7af3d34656c44f551103b63bc77e0a695035ab89ebc9ede2c3
lung,lcy20201008_36,t7,lcy20201008_36.mzML,0,clinical,Pulmonary Tuberculosis,t7,discovery,lcy20201008,,lcy20201008_36.raw.zip,https://ftp.ebi.ac.uk/pub/databases/metabolights/studies/public/MTBLS6990/FILES/RAW_FILES/untargeted/lcy20201008_36.raw.zip,f7906eed02d7508476dee04fc2f49195cdcde729c85419dc505d330eccfe660a
lung,lcy20201008_37,c7,lcy20201008_37.mzML,1,clinical,lung cancer,c7,discovery,lcy20201008,,lcy20201008_37.raw.zip,https://ftp.ebi.ac.uk/pub/databases/metabolights/studies/public/MTBLS6990/FILES/RAW_FILES/untargeted/lcy20201008_37.raw.zip,941c05df04d6f64ff96a57f991f7ccf8da0166dcb150325b3cafcfec236b7448
lung,lcy20201008_39,t8,lcy20201008_39.mzML,0,clinical,Pulmonary Tuberculosis,t8,discovery,lcy20201008,,lcy20201008_39.raw.zip,https://ftp.ebi.ac.uk/pub/databases/metabolights/studies/public/MTBLS6990/FILES/RAW_FILES/untargeted/lcy20201008_39.raw.zip,3ef15393021cdc9d11dfee39d8d893dad288fab7be6751ffd56f791a51696ccd
lung,lcy20201008_40,c8,lcy20201008_40.mzML,1,clinical,lung cancer,c8,discovery,lcy20201008,,lcy20201008_40.raw.zip,https://ftp.ebi.ac.uk/pub/databases/metabolights/studies/public/MTBLS6990/FILES/RAW_FILES/untargeted/lcy20201008_40.raw.zip,63d6167141e7cd62125094a8a6cd224f15b728bf8e54f3a335b8707afcaa9d74
lung,lcy20201008_43,t9,lcy20201008_43.mzML,0,clinical,Pulmonary Tuberculosis,t9,discovery,lcy20201008,,lcy20201008_43.raw.zip,https://ftp.ebi.ac.uk/pub/databases/metabolights/studies/public/MTBLS6990/FILES/RAW_FILES/untargeted/lcy20201008_43.raw.zip,e9d70b6c54b96b9a1cb8fe683a769664abe19b7bfa9833ac25fa38bd2b38ac50
lung,lcy20201008_44,c9,lcy20201008_44.mzML,1,clinical,lung cancer,c9,discovery,lcy20201008,,lcy20201008_44.raw.zip,https://ftp.ebi.ac.uk/pub/databases/metabolights/studies/public/MTBLS6990/FILES/RAW_FILES/untargeted/lcy20201008_44.raw.zip,a3eee9ef9bd7f61d77a6c33b2dd322c49d96f5120abd2964621ba3b975f4c689
lung,lcy20201008_46,t10,lcy20201008_46.mzML,0,clinical,Pulmonary Tuberculosis,t10,discovery,lcy20201008,,lcy20201008_46.raw.zip,https://ftp.ebi.ac.uk/pub/databases/metabolights/studies/public/MTBLS6990/FILES/RAW_FILES/untargeted/lcy20201008_46.raw.zip,8fd09545fa2c36fb897418f29470164cfafe0006be49090556051bb2b26af565
lung,lcy20201008_47,c10,lcy20201008_47.mzML,1,clinical,lung cancer,c10,discovery,lcy20201008,,lcy20201008_47.raw.zip,https://ftp.ebi.ac.uk/pub/databases/metabolights/studies/public/MTBLS6990/FILES/RAW_FILES/untargeted/lcy20201008_47.raw.zip,c18d5da403bae75d687bdaf02fc19af233806f6ed119223cf93ecef71d179936
lung,lcy20201008_49,t11,lcy20201008_49.mzML,0,clinical,Pulmonary Tuberculosis,t11,discovery,lcy20201008,,lcy20201008_49.raw.zip,https://ftp.ebi.ac.uk/pub/databases/metabolights/studies/public/MTBLS6990/FILES/RAW_FILES/untargeted/lcy20201008_49.raw.zip,8161b2bb18845f443ade58b9478038c5226ce695802fe8ccc533cc2e5c7ee6f4
lung,lcy20201008_50,c11,lcy20201008_50.mzML,1,clinical,lung cancer,c11,discovery,lcy20201008,,lcy20201008_50.raw.zip,https://ftp.ebi.ac.uk/pub/databases/metabolights/studies/public/MTBLS6990/FILES/RAW_FILES/untargeted/lcy20201008_50.raw.zip,ed9f936a31fddf7ce08b3cdac525c00734a695a531c333fd2229948654fdf4d7
lung,lcy20201008_52,t12,lcy20201008_52.mzML,0,clinical,Pulmonary Tuberculosis,t12,discovery,lcy20201008,,lcy20201008_52.raw.zip,https://ftp.ebi.ac.uk/pub/databases/metabolights/studies/public/MTBLS6990/FILES/RAW_FILES/untargeted/lcy20201008_52.raw.zip,547f97cd94d0f2b360971e40ec06ca7c1affd4702b8be5f53e9dfedd3415ea3d
lung,lcy20201008_53,c12,lcy20201008_53.mzML,1,clinical,lung cancer,c12,discovery,lcy20201008,,lcy20201008_53.raw.zip,https://ftp.ebi.ac.uk/pub/databases/metabolights/studies/public/MTBLS6990/FILES/RAW_FILES/untargeted/lcy20201008_53.raw.zip,42c04f84e7bd33bf9beebecc62236ce61d5b5d8cc81e88626243b0c5a070e64b
lung,lcy20201008_56,t13,lcy20201008_56.mzML,0,clinical,Pulmonary Tuberculosis,t13,discovery,lcy20201008,,lcy20201008_56.raw.zip,https://ftp.ebi.ac.uk/pub/databases/metabolights/studies/public/MTBLS6990/FILES/RAW_FILES/untargeted/lcy20201008_56.raw.zip,09f2f2a5990fc3e3c465b205a016f3d7303d2379939c2daf9ab4a6a9d002328b
lung,lcy20201008_57,c13,lcy20201008_57.mzML,1,clinical,lung cancer,c13,discovery,lcy20201008,,lcy20201008_57.raw.zip,https://ftp.ebi.ac.uk/pub/databases/metabolights/studies/public/MTBLS6990/FILES/RAW_FILES/untargeted/lcy20201008_57.raw.zip,47b8b7564d0faf4a754b6066e5dffb32f35a490ecc049aeeb516eaea28e28fbc
lung,lcy20201008_59,t14,lcy20201008_59.mzML,0,clinical,Pulmonary Tuberculosis,t14,discovery,lcy20201008,,lcy20201008_59.raw.zip,https://ftp.ebi.ac.uk/pub/databases/metabolights/studies/public/MTBLS6990/FILES/RAW_FILES/untargeted/lcy20201008_59.raw.zip,cd42edbf124655e6c2529a2dc8a41214de5227cfd9152c94459139553a9eb2df
lung,lcy20201008_60,c14,lcy20201008_60.mzML,1,clinical,lung cancer,c14,discovery,lcy20201008,,lcy20201008_60.raw.zip,https://ftp.ebi.ac.uk/pub/databases/metabolights/studies/public/MTBLS6990/FILES/RAW_FILES/untargeted/lcy20201008_60.raw.zip,c0393af709487572b8d982751ae33a12f0bf0daee972d568ef6b7890c157a997
lung,lcy20201008_62,t15,lcy20201008_62.mzML,0,clinical,Pulmonary Tuberculosis,t15,discovery,lcy20201008,,lcy20201008_62.raw.zip,https://ftp.ebi.ac.uk/pub/databases/metabolights/studies/public/MTBLS6990/FILES/RAW_FILES/untargeted/lcy20201008_62.raw.zip,a95d5f3c44a270d4235ecdc0751809d250eeb1e894769b6c3c33b1e197774506
lung,lcy20201008_63,c15,lcy20201008_63.mzML,1,clinical,lung cancer,c15,discovery,lcy20201008,,lcy20201008_63.raw.zip,https://ftp.ebi.ac.uk/pub/databases/metabolights/studies/public/MTBLS6990/FILES/RAW_FILES/untargeted/lcy20201008_63.raw.zip,3800a9fd4e83b3fe53ba011c2a90e5094e0411c6a1c4267673ddc80b73c96b3c
lung,lcy20201008_65,t16,lcy20201008_65.mzML,0,clinical,Pulmonary Tuberculosis,t16,discovery,lcy20201008,,lcy20201008_65.raw.zip,https://ftp.ebi.ac.uk/pub/databases/metabolights/studies/public/MTBLS6990/FILES/RAW_FILES/untargeted/lcy20201008_65.raw.zip,3fb547b3e0faca4ac5717e46fdba578c210dbf35f20215935b7d30cf8261625f
lung,lcy20201008_66,c16,lcy20201008_66.mzML,1,clinical,lung cancer,c16,discovery,lcy20201008,,lcy20201008_66.raw.zip,https://ftp.ebi.ac.uk/pub/databases/metabolights/studies/public/MTBLS6990/FILES/RAW_FILES/untargeted/lcy20201008_66.raw.zip,ebe82e71548c7cbfc2a7e1e77b6cd0098344759ec7561243e462b59a5734196d
lung,lcy20201008_69,t17,lcy20201008_69.mzML,0,clinical,Pulmonary Tuberculosis,t17,discovery,lcy20201008,,lcy20201008_69.raw.zip,https://ftp.ebi.ac.uk/pub/databases/metabolights/studies/public/MTBLS6990/FILES/RAW_FILES/untargeted/lcy20201008_69.raw.zip,0857ae35342676e5bb1830975399f2efc9a1b2c02dd383aaf8a8a67a30f1d2d6
lung,lcy20201008_70,c17,lcy20201008_70.mzML,1,clinical,lung cancer,c17,discovery,lcy20201008,,lcy20201008_70.raw.zip,https://ftp.ebi.ac.uk/pub/databases/metabolights/studies/public/MTBLS6990/FILES/RAW_FILES/untargeted/lcy20201008_70.raw.zip,a33bb15262462be0d5ebcd5da2de71f80479cf43640f6aa044671c1d533a3de0
lung,lcy20201008_72,t18,lcy20201008_72.mzML,0,clinical,Pulmonary Tuberculosis,t18,discovery,lcy20201008,,lcy20201008_72.raw.zip,https://ftp.ebi.ac.uk/pub/databases/metabolights/studies/public/MTBLS6990/FILES/RAW_FILES/untargeted/lcy20201008_72.raw.zip,4fc2e075a99f1c1355f26054216cc054ac3d00bf8c730fc5aed0d7bc4791fc74
lung,lcy20201008_73,c18,lcy20201008_73.mzML,1,clinical,lung cancer,c18,discovery,lcy20201008,,lcy20201008_73.raw.zip,https://ftp.ebi.ac.uk/pub/databases/metabolights/studies/public/MTBLS6990/FILES/RAW_FILES/untargeted/lcy20201008_73.raw.zip,c09d1728c40136a131c8fd4bff99f8533e2ddcc7b1b3de5af87e3675f11d14b9
lung,lcy20201008_75,t19,lcy20201008_75.mzML,0,clinical,Pulmonary Tuberculosis,t19,discovery,lcy20201008,,lcy20201008_75.raw.zip,https://ftp.ebi.ac.uk/pub/databases/metabolights/studies/public/MTBLS6990/FILES/RAW_FILES/untargeted/lcy20201008_75.raw.zip,34fe9e1a638450abed9951fc1df97ffa229300ed9f42a6ef2930a8f4900d2a64
lung,lcy20201008_76,c19,lcy20201008_76.mzML,1,clinical,lung cancer,c19,discovery,lcy20201008,,lcy20201008_76.raw.zip,https://ftp.ebi.ac.uk/pub/databases/metabolights/studies/public/MTBLS6990/FILES/RAW_FILES/untargeted/lcy20201008_76.raw.zip,7d25efcc0246d1875cc7f5e3c4f505dbddd0dec4cbb3378fe963f93bdefb364c
lung,lcy20201008_78,t20,lcy20201008_78.mzML,0,clinical,Pulmonary Tuberculosis,t20,discovery,lcy20201008,,lcy20201008_78.raw.zip,https://ftp.ebi.ac.uk/pub/databases/metabolights/studies/public/MTBLS6990/FILES/RAW_FILES/untargeted/lcy20201008_78.raw.zip,329e5856ac247e0ef4aa308178573f63063e9dfcd44826eb69f3640dd862ad05
lung,lcy20201008_79,c20,lcy20201008_79.mzML,1,clinical,lung cancer,c20,discovery,lcy20201008,,lcy20201008_79.raw.zip,https://ftp.ebi.ac.uk/pub/databases/metabolights/studies/public/MTBLS6990/FILES/RAW_FILES/untargeted/lcy20201008_79.raw.zip,1b6e388e35b468ddaad381dc9cec40f359a9107546a58181bfeaf61c15e132fb
lung,lcy20201008_82,t21,lcy20201008_82.mzML,0,clinical,Pulmonary Tuberculosis,t21,discovery,lcy20201008,,lcy20201008_82.raw.zip,https://ftp.ebi.ac.uk/pub/databases/metabolights/studies/public/MTBLS6990/FILES/RAW_FILES/untargeted/lcy20201008_82.raw.zip,51374adc85266659edc60fb95ce026cdb325bc7bc7fd82bab0038943ddbd6c82
lung,lcy20201008_83,c21,lcy20201008_83.mzML,1,clinical,lung cancer,c21,discovery,lcy20201008,,lcy20201008_83.raw.zip,https://ftp.ebi.ac.uk/pub/databases/metabolights/studies/public/MTBLS6990/FILES/RAW_FILES/untargeted/lcy20201008_83.raw.zip,cab0efd9c277677cb76eb2aaf33a4cf210338f2f01454b4806eef3e71a9c9056
lung,lcy20201008_85,t22,lcy20201008_85.mzML,0,clinical,Pulmonary Tuberculosis,t22,discovery,lcy20201008,,lcy20201008_85.raw.zip,https://ftp.ebi.ac.uk/pub/databases/metabolights/studies/public/MTBLS6990/FILES/RAW_FILES/untargeted/lcy20201008_85.raw.zip,119dc0f225de75046e174dddd178f50bc228a45440b9d165e34f91b64290b580
lung,lcy20201008_86,c22,lcy20201008_86.mzML,1,clinical,lung cancer,c22,discovery,lcy20201008,,lcy20201008_86.raw.zip,https://ftp.ebi.ac.uk/pub/databases/metabolights/studies/public/MTBLS6990/FILES/RAW_FILES/untargeted/lcy20201008_86.raw.zip,5f0646bf29a47be8b551bdf642feccb9594ef6edac16629aaced240896153c64
lung,lcy20201008_88,t23,lcy20201008_88.mzML,0,clinical,Pulmonary Tuberculosis,t23,discovery,lcy20201008,,lcy20201008_88.raw.zip,https://ftp.ebi.ac.uk/pub/databases/metabolights/studies/public/MTBLS6990/FILES/RAW_FILES/untargeted/lcy20201008_88.raw.zip,980e2b1a89356252e18f8b59fb26052c84a4532e2a0bca80628547a402bc4f9f
lung,lcy20201008_89,c23,lcy20201008_89.mzML,1,clinical,lung cancer,c23,discovery,lcy20201008,,lcy20201008_89.raw.zip,https://ftp.ebi.ac.uk/pub/databases/metabolights/studies/public/MTBLS6990/FILES/RAW_FILES/untargeted/lcy20201008_89.raw.zip,a6de09a51328d119edad79ec2bfc0e3588b6115e1196283d3065080bd688d7cc
lung,lcy20201008_91,t24,lcy20201008_91.mzML,0,clinical,Pulmonary Tuberculosis,t24,discovery,lcy20201008,,lcy20201008_91.raw.zip,https://ftp.ebi.ac.uk/pub/databases/metabolights/studies/public/MTBLS6990/FILES/RAW_FILES/untargeted/lcy20201008_91.raw.zip,b356bf4202648fec0991d1cd5fe74b576e8f9be4b47a5e108da6a7c82dc4f28a
lung,lcy20201008_92,c24,lcy20201008_92.mzML,1,clinical,lung cancer,c24,discovery,lcy20201008,,lcy20201008_92.raw.zip,https://ftp.ebi.ac.uk/pub/databases/metabolights/studies/public/MTBLS6990/FILES/RAW_FILES/untargeted/lcy20201008_92.raw.zip,7bfe277e10219f26f0088493f108430d581782175be946a88b4756a8b75baf60
lung,lcy20201008_95,t25,lcy20201008_95.mzML,0,clinical,Pulmonary Tuberculosis,t25,discovery,lcy20201008,,lcy20201008_95.raw.zip,https://ftp.ebi.ac.uk/pub/databases/metabolights/studies/public/MTBLS6990/FILES/RAW_FILES/untargeted/lcy20201008_95.raw.zip,b843109c8c1943d30f6caba6823bcb06cc86f1d93c9821641f36e7592ddee32f
lung,lcy20201008_96,c25,lcy20201008_96.mzML,1,clinical,lung cancer,c25,discovery,lcy20201008,,lcy20201008_96.raw.zip,https://ftp.ebi.ac.uk/pub/databases/metabolights/studies/public/MTBLS6990/FILES/RAW_FILES/untargeted/lcy20201008_96.raw.zip,d477b75e3ea36c75a1765d74283664581416174d073cc6709532613975127275
lung,lcy20201008_98,t26,lcy20201008_98.mzML,0,clinical,Pulmonary Tuberculosis,t26,discovery,lcy20201008,,lcy20201008_98.raw.zip,https://ftp.ebi.ac.uk/pub/databases/metabolights/studies/public/MTBLS6990/FILES/RAW_FILES/untargeted/lcy20201008_98.raw.zip,33ad24b137515ad3877366723644e68043fbd8f95a262d212820e04abff2b451
lung,lcy20201008_99,c26,lcy20201008_99.mzML,1,clinical,lung cancer,c26,discovery,lcy20201008,,lcy20201008_99.raw.zip,https://ftp.ebi.ac.uk/pub/databases/metabolights/studies/public/MTBLS6990/FILES/RAW_FILES/untargeted/lcy20201008_99.raw.zip,05d1a1f46334bfb49c165f8c737fc02a8f650f0484ee536ce29b605be67301bc
lung,lcy20201125_100,T28,lcy20201125_100.mzML,0,clinical,Pulmonary Tuberculosis,T28,validation,lcy20201125,,lcy20201125_100.raw.zip,https://ftp.ebi.ac.uk/pub/databases/metabolights/studies/public/MTBLS6990/FILES/RAW_FILES/untargeted/lcy20201125_100.raw.zip,17689c052c9b065280a8a71a563ed07e07c86376ad3f23496a1af119652c675e
lung,lcy20201125_101,C28,lcy20201125_101.mzML,1,clinical,lung cancer,C28,validation,lcy20201125,,lcy20201125_101.raw.zip,https://ftp.ebi.ac.uk/pub/databases/metabolights/studies/public/MTBLS6990/FILES/RAW_FILES/untargeted/lcy20201125_101.raw.zip,afe5cb14c5c92987c1fa4618a5b967c8b6a5fa5a72f8ca1ae006f151eeba7cc8
lung,lcy20201125_103,T29,lcy20201125_103.mzML,0,clinical,Pulmonary Tuberculosis,T29,validation,lcy20201125,,lcy20201125_103.raw.zip,https://ftp.ebi.ac.uk/pub/databases/metabolights/studies/public/MTBLS6990/FILES/RAW_FILES/untargeted/lcy20201125_103.raw.zip,c97510871014a35f65d11414ec456461e1a1af96f08b91e192d0ca4e5ae72fb6
lung,lcy20201125_104,C29,lcy20201125_104.mzML,1,clinical,lung cancer,C29,validation,lcy20201125,,lcy20201125_104.raw.zip,https://ftp.ebi.ac.uk/pub/databases/metabolights/studies/public/MTBLS6990/FILES/RAW_FILES/untargeted/lcy20201125_104.raw.zip,66c4056b95dffa7c31c7c2c5388958bbc329143c59d9e7f1c8bb2146b55b96df
lung,lcy20201125_106,T30,lcy20201125_106.mzML,0,clinical,Pulmonary Tuberculosis,T30,validation,lcy20201125,,lcy20201125_106.raw.zip,https://ftp.ebi.ac.uk/pub/databases/metabolights/studies/public/MTBLS6990/FILES/RAW_FILES/untargeted/lcy20201125_106.raw.zip,cca9a4bec85e284c7d5b77231b0c36e7add6bab4894424db809b40715e21b120
lung,lcy20201125_107,C30,lcy20201125_107.mzML,1,clinical,lung cancer,C30,validation,lcy20201125,,lcy20201125_107.raw.zip,https://ftp.ebi.ac.uk/pub/databases/metabolights/studies/public/MTBLS6990/FILES/RAW_FILES/untargeted/lcy20201125_107.raw.zip,7ffd8346e3fe6fad8807e1c0afc053e3ba64d8452099aaf0327555a4258a8eb7
lung,lcy20201125_110,T31,lcy20201125_110.mzML,0,clinical,Pulmonary Tuberculosis,T31,validation,lcy20201125,,lcy20201125_110.raw.zip,https://ftp.ebi.ac.uk/pub/databases/metabolights/studies/public/MTBLS6990/FILES/RAW_FILES/untargeted/lcy20201125_110.raw.zip,dce84a3e3b205db1394b9f6c837fdd492b29f04243a6435b26de8ee554bf5266
lung,lcy20201125_111,C31,lcy20201125_111.mzML,1,clinical,lung cancer,C31,validation,lcy20201125,,lcy20201125_111.raw.zip,https://ftp.ebi.ac.uk/pub/databases/metabolights/studies/public/MTBLS6990/FILES/RAW_FILES/untargeted/lcy20201125_111.raw.zip,9b6f33dbf48787e6ffe5344618c73a2020c4760a0542a25b7096e35adae0ab65
lung,lcy20201125_113,T32,lcy20201125_113.mzML,0,clinical,Pulmonary Tuberculosis,T32,validation,lcy20201125,,lcy20201125_113.raw.zip,https://ftp.ebi.ac.uk/pub/databases/metabolights/studies/public/MTBLS6990/FILES/RAW_FILES/untargeted/lcy20201125_113.raw.zip,bd9faaf2bdac302f5aa7e6394ea0135a45cafb6b03a642384e201415cf126b37
lung,lcy20201125_114,C32,lcy20201125_114.mzML,1,clinical,lung cancer,C32,validation,lcy20201125,,lcy20201125_114.raw.zip,https://ftp.ebi.ac.uk/pub/databases/metabolights/studies/public/MTBLS6990/FILES/RAW_FILES/untargeted/lcy20201125_114.raw.zip,e365570ba219cdddb2fb426244c36c83a69486700268d2a80e3448c67e6f4a27
lung,lcy20201125_116,T33,lcy20201125_116.mzML,0,clinical,Pulmonary Tuberculosis,T33,validation,lcy20201125,,lcy20201125_116.raw.zip,https://ftp.ebi.ac.uk/pub/databases/metabolights/studies/public/MTBLS6990/FILES/RAW_FILES/untargeted/lcy20201125_116.raw.zip,d485984b7174fe3903e075b5af9f81b2e35fb8aef4935551077d30b0fb9a02a3
lung,lcy20201125_117,C33,lcy20201125_117.mzML,1,clinical,lung cancer,C33,validation,lcy20201125,,lcy20201125_117.raw.zip,https://ftp.ebi.ac.uk/pub/databases/metabolights/studies/public/MTBLS6990/FILES/RAW_FILES/untargeted/lcy20201125_117.raw.zip,d0e2992f577a82e3c115c75b0587b1351cb6e8504e51b22ccd995b3b84784cbc
lung,lcy20201125_119,T34,lcy20201125_119.mzML,0,clinical,Pulmonary Tuberculosis,T34,validation,lcy20201125,,lcy20201125_119.raw.zip,https://ftp.ebi.ac.uk/pub/databases/metabolights/studies/public/MTBLS6990/FILES/RAW_FILES/untargeted/lcy20201125_119.raw.zip,354c7efdbf9ad3f9a277fea70e2bca09f89f6745f7700e360133f07fb489608f
lung,lcy20201125_120,C34,lcy20201125_120.mzML,1,clinical,lung cancer,C34,validation,lcy20201125,,lcy20201125_120.raw.zip,https://ftp.ebi.ac.uk/pub/databases/metabolights/studies/public/MTBLS6990/FILES/RAW_FILES/untargeted/lcy20201125_120.raw.zip,a95d1d99201d5a6c7c9894fbfd2b0fbdf681221cadcdc4df40f2527eaca850d6
lung,lcy20201125_122,T35,lcy20201125_122.mzML,0,clinical,Pulmonary Tuberculosis,T35,validation,lcy20201125,,lcy20201125_122.raw.zip,https://ftp.ebi.ac.uk/pub/databases/metabolights/studies/public/MTBLS6990/FILES/RAW_FILES/untargeted/lcy20201125_122.raw.zip,c59940ced6161f2da0623d37383384f04fe4c74f7f21c944ef557565a27d987d
lung,lcy20201125_123,C35,lcy20201125_123.mzML,1,clinical,lung cancer,C35,validation,lcy20201125,,lcy20201125_123.raw.zip,https://ftp.ebi.ac.uk/pub/databases/metabolights/studies/public/MTBLS6990/FILES/RAW_FILES/untargeted/lcy20201125_123.raw.zip,2a2b3a57447f5795733ebdced4a367cff1ba663fa1ff040496271759cebf066d
lung,lcy20201125_126,T36,lcy20201125_126.mzML,0,clinical,Pulmonary Tuberculosis,T36,validation,lcy20201125,,lcy20201125_126.raw.zip,https://ftp.ebi.ac.uk/pub/databases/metabolights/studies/public/MTBLS6990/FILES/RAW_FILES/untargeted/lcy20201125_126.raw.zip,b23925d164a928d99ba8df146e485e3d5e67e53067066ec5ce3e85ce928a1d6f
lung,lcy20201125_127,C36,lcy20201125_127.mzML,1,clinical,lung cancer,C36,validation,lcy20201125,,lcy20201125_127.raw.zip,https://ftp.ebi.ac.uk/pub/databases/metabolights/studies/public/MTBLS6990/FILES/RAW_FILES/untargeted/lcy20201125_127.raw.zip,893b206cf2d90f5edff20d0adfda1ff7fc59f7a270eb0ea8cb251867a1db7dae
lung,lcy20201125_129,T37,lcy20201125_129.mzML,0,clinical,Pulmonary Tuberculosis,T37,validation,lcy20201125,,lcy20201125_129.raw.zip,https://ftp.ebi.ac.uk/pub/databases/metabolights/studies/public/MTBLS6990/FILES/RAW_FILES/untargeted/lcy20201125_129.raw.zip,71b456f7c776fb71df5334c36db23ae42ae9288f1765ef2d2a4e4ee9fc76f28d
lung,lcy20201125_130,C37,lcy20201125_130.mzML,1,clinical,lung cancer,C37,validation,lcy20201125,,lcy20201125_130.raw.zip,https://ftp.ebi.ac.uk/pub/databases/metabolights/studies/public/MTBLS6990/FILES/RAW_FILES/untargeted/lcy20201125_130.raw.zip,171cce9584aae80c373ae863a3ce77d63cbee652c7792d53ad654f9b080ce97b
lung,lcy20201125_132,T38,lcy20201125_132.mzML,0,clinical,Pulmonary Tuberculosis,T38,validation,lcy20201125,,lcy20201125_132.raw.zip,https://ftp.ebi.ac.uk/pub/databases/metabolights/studies/public/MTBLS6990/FILES/RAW_FILES/untargeted/lcy20201125_132.raw.zip,a5d51e7ba6cf3fb4a23051a45a5aa1056f93b135474f31452c64541333d78cf4
lung,lcy20201125_133,C38,lcy20201125_133.mzML,1,clinical,lung cancer,C38,validation,lcy20201125,,lcy20201125_133.raw.zip,https://ftp.ebi.ac.uk/pub/databases/metabolights/studies/public/MTBLS6990/FILES/RAW_FILES/untargeted/lcy20201125_133.raw.zip,a83dbb0e77ff3f15e99fbfbb97770c308ad0681a015423673bc5941e4d0a3311
lung,lcy20201125_135,T39,lcy20201125_135.mzML,0,clinical,Pulmonary Tuberculosis,T39,validation,lcy20201125,,lcy20201125_135.raw.zip,https://ftp.ebi.ac.uk/pub/databases/metabolights/studies/public/MTBLS6990/FILES/RAW_FILES/untargeted/lcy20201125_135.raw.zip,1009e3c1425ce3fe31022b33aef1fd0bbb03ffd1da6db034440234d0b3216f3b
lung,lcy20201125_136,C39,lcy20201125_136.mzML,1,clinical,lung cancer,C39,validation,lcy20201125,,lcy20201125_136.raw.zip,https://ftp.ebi.ac.uk/pub/databases/metabolights/studies/public/MTBLS6990/FILES/RAW_FILES/untargeted/lcy20201125_136.raw.zip,293a1f1abafd4069fabf4d3b12bc80ad7f4510fffb64f6e0520ac3e52265412e
lung,lcy20201125_138,T40,lcy20201125_138.mzML,0,clinical,Pulmonary Tuberculosis,T40,validation,lcy20201125,,lcy20201125_138.raw.zip,https://ftp.ebi.ac.uk/pub/databases/metabolights/studies/public/MTBLS6990/FILES/RAW_FILES/untargeted/lcy20201125_138.raw.zip,fdae218eb25211118e3327e3c70a251296444219173a2d1d155d9aa63d4d19f8
lung,lcy20201125_139,C40,lcy20201125_139.mzML,1,clinical,lung cancer,C40,validation,lcy20201125,,lcy20201125_139.raw.zip,https://ftp.ebi.ac.uk/pub/databases/metabolights/studies/public/MTBLS6990/FILES/RAW_FILES/untargeted/lcy20201125_139.raw.zip,44a3765bd9d291996ac521be4d7546ddfff4212eb0ab77b6c3b5424a2189af6f
lung,lcy20201125_14,T1,lcy20201125_14.mzML,0,clinical,Pulmonary Tuberculosis,T1,validation,lcy20201125,,lcy20201125_14.raw.zip,https://ftp.ebi.ac.uk/pub/databases/metabolights/studies/public/MTBLS6990/FILES/RAW_FILES/untargeted/lcy20201125_14.raw.zip,cf5eeca84ba505d35e3cf17c8b0a0b72e9097df1e6f23781a8209dca24b75c99
lung,lcy20201125_142,T41,lcy20201125_142.mzML,0,clinical,Pulmonary Tuberculosis,T41,validation,lcy20201125,,lcy20201125_142.raw.zip,https://ftp.ebi.ac.uk/pub/databases/metabolights/studies/public/MTBLS6990/FILES/RAW_FILES/untargeted/lcy20201125_142.raw.zip,f2a3108b66184cee8a599a5c50f0866d9a1e322c65c5439d69e886cc1b499582
lung,lcy20201125_143,C41,lcy20201125_143.mzML,1,clinical,lung cancer,C41,validation,lcy20201125,,lcy20201125_143.raw.zip,https://ftp.ebi.ac.uk/pub/databases/metabolights/studies/public/MTBLS6990/FILES/RAW_FILES/untargeted/lcy20201125_143.raw.zip,6e9e3f81d49481e4feacc6f38dca6d850a1f250d68a737790012da7ab82399f7
lung,lcy20201125_145,T42,lcy20201125_145.mzML,0,clinical,Pulmonary Tuberculosis,T42,validation,lcy20201125,,lcy20201125_145.raw.zip,https://ftp.ebi.ac.uk/pub/databases/metabolights/studies/public/MTBLS6990/FILES/RAW_FILES/untargeted/lcy20201125_145.raw.zip,b493029c10e061d09cc28056728cb8969683e0272379b052d97b18d8ff328355
lung,lcy20201125_146,C42,lcy20201125_146.mzML,1,clinical,lung cancer,C42,validation,lcy20201125,,lcy20201125_146.raw.zip,https://ftp.ebi.ac.uk/pub/databases/metabolights/studies/public/MTBLS6990/FILES/RAW_FILES/untargeted/lcy20201125_146.raw.zip,eaedbb64a5c71311e7bb931429e55c3d2723b8ac8ac3bfdbf1a6f38c53bd2be3
lung,lcy20201125_148,T43,lcy20201125_148.mzML,0,clinical,Pulmonary Tuberculosis,T43,validation,lcy20201125,,lcy20201125_148.raw.zip,https://ftp.ebi.ac.uk/pub/databases/metabolights/studies/public/MTBLS6990/FILES/RAW_FILES/untargeted/lcy20201125_148.raw.zip,c0d87cd5d89066e57dba6dcf99c501b450b8b913ce947ad6a82fd7729ef5c869
lung,lcy20201125_149,C43,lcy20201125_149.mzML,1,clinical,lung cancer,C43,validation,lcy20201125,,lcy20201125_149.raw.zip,https://ftp.ebi.ac.uk/pub/databases/metabolights/studies/public/MTBLS6990/FILES/RAW_FILES/untargeted/lcy20201125_149.raw.zip,f5bd216a7797fbd313575b7b502d4b1c39fb2501f7314f9a3e6d9d24ea8e762f
lung,lcy20201125_15,C1,lcy20201125_15.mzML,1,clinical,lung cancer,C1,validation,lcy20201125,,lcy20201125_15.raw.zip,https://ftp.ebi.ac.uk/pub/databases/metabolights/studies/public/MTBLS6990/FILES/RAW_FILES/untargeted/lcy20201125_15.raw.zip,11c5e1f7ee931892813e9ad785a072dacbc6adfb514fe7feb483e1bec35c944a
lung,lcy20201125_151,T44,lcy20201125_151.mzML,0,clinical,Pulmonary Tuberculosis,T44,validation,lcy20201125,,lcy20201125_151.raw.zip,https://ftp.ebi.ac.uk/pub/databases/metabolights/studies/public/MTBLS6990/FILES/RAW_FILES/untargeted/lcy20201125_151.raw.zip,a0d4dfce5ffe565f48b6b0b7feccf88153fd0bfd853046624e5a6576d58127c6
lung,lcy20201125_152,C44,lcy20201125_152.mzML,1,clinical,lung cancer,C44,validation,lcy20201125,,lcy20201125_152.raw.zip,https://ftp.ebi.ac.uk/pub/databases/metabolights/studies/public/MTBLS6990/FILES/RAW_FILES/untargeted/lcy20201125_152.raw.zip,c509e47c3b9ec9940cb7ef3876451b92bc653a08860b251aa142bcb7f032281d
lung,lcy20201125_154,T45,lcy20201125_154.mzML,0,clinical,Pulmonary Tuberculosis,T45,validation,lcy20201125,,lcy20201125_154.raw.zip,https://ftp.ebi.ac.uk/pub/databases/metabolights/studies/public/MTBLS6990/FILES/RAW_FILES/untargeted/lcy20201125_154.raw.zip,282e5e451b7a3f9a83ff4f2aaa57fd6dd9215436ee71480e8a368816f08be329
lung,lcy20201125_155,C45,lcy20201125_155.mzML,1,clinical,lung cancer,C45,validation,lcy20201125,,lcy20201125_155.raw.zip,https://ftp.ebi.ac.uk/pub/databases/metabolights/studies/public/MTBLS6990/FILES/RAW_FILES/untargeted/lcy20201125_155.raw.zip,05f82f9754910375c804e47462dc203816983d700509ff2bbc75eb1c911327aa
lung,lcy20201125_158,T46,lcy20201125_158.mzML,0,clinical,Pulmonary Tuberculosis,T46,validation,lcy20201125,,lcy20201125_158.raw.zip,https://ftp.ebi.ac.uk/pub/databases/metabolights/studies/public/MTBLS6990/FILES/RAW_FILES/untargeted/lcy20201125_158.raw.zip,ccc93684a7fda85b6d327395ff4c083fe73e439363bdbd798ec106810004b97b
lung,lcy20201125_159,C46,lcy20201125_159.mzML,1,clinical,lung cancer,C46,validation,lcy20201125,,lcy20201125_159.raw.zip,https://ftp.ebi.ac.uk/pub/databases/metabolights/studies/public/MTBLS6990/FILES/RAW_FILES/untargeted/lcy20201125_159.raw.zip,641a28bec55ad04af95b850081dddbdb6f3fa49b8803d9fbc5f716b83690dda7
lung,lcy20201125_161,T47,lcy20201125_161.mzML,0,clinical,Pulmonary Tuberculosis,T47,validation,lcy20201125,,lcy20201125_161.raw.zip,https://ftp.ebi.ac.uk/pub/databases/metabolights/studies/public/MTBLS6990/FILES/RAW_FILES/untargeted/lcy20201125_161.raw.zip,aca4839072202a71138ee8fec1901c8894d241cce2d9e60abd654d44ad83d69d
lung,lcy20201125_162,C47,lcy20201125_162.mzML,1,clinical,lung cancer,C47,validation,lcy20201125,,lcy20201125_162.raw.zip,https://ftp.ebi.ac.uk/pub/databases/metabolights/studies/public/MTBLS6990/FILES/RAW_FILES/untargeted/lcy20201125_162.raw.zip,05fe0098ab00ba6352dd3b2ffff35541eb4811c0c12fc52bd5f915851d0d5517
lung,lcy20201125_164,T48,lcy20201125_164.mzML,0,clinical,Pulmonary Tuberculosis,T48,validation,lcy20201125,,lcy20201125_164.raw.zip,https://ftp.ebi.ac.uk/pub/databases/metabolights/studies/public/MTBLS6990/FILES/RAW_FILES/untargeted/lcy20201125_164.raw.zip,318a203696bc855ff9764a9880b6a5745a41337839965de8e504f8865e902fd0
lung,lcy20201125_165,C48,lcy20201125_165.mzML,1,clinical,lung cancer,C48,validation,lcy20201125,,lcy20201125_165.raw.zip,https://ftp.ebi.ac.uk/pub/databases/metabolights/studies/public/MTBLS6990/FILES/RAW_FILES/untargeted/lcy20201125_165.raw.zip,0e96078b1d86f777990b46461b660cfcff8a0f539a3b18cabb1714ff05a3cf02
lung,lcy20201125_167,T49,lcy20201125_167.mzML,0,clinical,Pulmonary Tuberculosis,T49,validation,lcy20201125,,lcy20201125_167.raw.zip,https://ftp.ebi.ac.uk/pub/databases/metabolights/studies/public/MTBLS6990/FILES/RAW_FILES/untargeted/lcy20201125_167.raw.zip,46eb1e9b6a33730d1a44a7219455cb8ad03cf05510224f33a6be16bd44904a7f
lung,lcy20201125_168,C49,lcy20201125_168.mzML,1,clinical,lung cancer,C49,validation,lcy20201125,,lcy20201125_168.raw.zip,https://ftp.ebi.ac.uk/pub/databases/metabolights/studies/public/MTBLS6990/FILES/RAW_FILES/untargeted/lcy20201125_168.raw.zip,aa64d79cd1ef1b5fd0d90802578b78c0f3480d13c756ce928d400624494c0ebf
lung,lcy20201125_17,T2,lcy20201125_17.mzML,0,clinical,Pulmonary Tuberculosis,T2,validation,lcy20201125,,lcy20201125_17.raw.zip,https://ftp.ebi.ac.uk/pub/databases/metabolights/studies/public/MTBLS6990/FILES/RAW_FILES/untargeted/lcy20201125_17.raw.zip,f979099c01b2613b0e6b28e97f248eb4dc3fdfc1d1b8333db8a404c4f2e446dc
lung,lcy20201125_170,T50,lcy20201125_170.mzML,0,clinical,Pulmonary Tuberculosis,T50,validation,lcy20201125,,lcy20201125_170.raw.zip,https://ftp.ebi.ac.uk/pub/databases/metabolights/studies/public/MTBLS6990/FILES/RAW_FILES/untargeted/lcy20201125_170.raw.zip,78f7ae2e3fdfbb8b0c4359303123b2e7537a6bc10693b89834543a6fdf1f659c
lung,lcy20201125_171,C50,lcy20201125_171.mzML,1,clinical,lung cancer,C50,validation,lcy20201125,,lcy20201125_171.raw.zip,https://ftp.ebi.ac.uk/pub/databases/metabolights/studies/public/MTBLS6990/FILES/RAW_FILES/untargeted/lcy20201125_171.raw.zip,cc7a8cfe7b93ccd10905f8b472a8b9c2eac2a457153b778904e6c13215c18d57
lung,lcy20201125_174,T51,lcy20201125_174.mzML,0,clinical,Pulmonary Tuberculosis,T51,validation,lcy20201125,,lcy20201125_174.raw.zip,https://ftp.ebi.ac.uk/pub/databases/metabolights/studies/public/MTBLS6990/FILES/RAW_FILES/untargeted/lcy20201125_174.raw.zip,8282d364506b25bcba6d621b54a6728e5a0ced5f094683cd630b74f46722ec35
lung,lcy20201125_175,C51,lcy20201125_175.mzML,1,clinical,lung cancer,C51,validation,lcy20201125,,lcy20201125_175.raw.zip,https://ftp.ebi.ac.uk/pub/databases/metabolights/studies/public/MTBLS6990/FILES/RAW_FILES/untargeted/lcy20201125_175.raw.zip,6325b61179a1c6aea23d0c55a2e550edec97e020a6e14d4240289fd60a56003a
lung,lcy20201125_177,T52,lcy20201125_177.mzML,0,clinical,Pulmonary Tuberculosis,T52,validation,lcy20201125,,lcy20201125_177.raw.zip,https://ftp.ebi.ac.uk/pub/databases/metabolights/studies/public/MTBLS6990/FILES/RAW_FILES/untargeted/lcy20201125_177.raw.zip,cd9a5fdbfbdb2df7f998f661a72a9304cb240bf4f98dc1bbe572ba9693edf91e
lung,lcy20201125_178,C52,lcy20201125_178.mzML,1,clinical,lung cancer,C52,validation,lcy20201125,,lcy20201125_178.raw.zip,https://ftp.ebi.ac.uk/pub/databases/metabolights/studies/public/MTBLS6990/FILES/RAW_FILES/untargeted/lcy20201125_178.raw.zip,0798ed5cbc73dd669b2a02230e6e1c8c13aad5264da28a5d0d925fd023a52711
lung,lcy20201125_18,C2,lcy20201125_18.mzML,1,clinical,lung cancer,C2,validation,lcy20201125,,lcy20201125_18.raw.zip,https://ftp.ebi.ac.uk/pub/databases/metabolights/studies/public/MTBLS6990/FILES/RAW_FILES/untargeted/lcy20201125_18.raw.zip,e59e2e0ab0c213040d3c7366530f932e76ebe27ca2278c84d235a005f8347b5c
lung,lcy20201125_180,T53,lcy20201125_180.mzML,0,clinical,Pulmonary Tuberculosis,T53,validation,lcy20201125,,lcy20201125_180.raw.zip,https://ftp.ebi.ac.uk/pub/databases/metabolights/studies/public/MTBLS6990/FILES/RAW_FILES/untargeted/lcy20201125_180.raw.zip,3019f336b0ae1e49d4891c6040f4f538c71e70c51affe44672dd4f2e4c99e6be
lung,lcy20201125_181,C53,lcy20201125_181.mzML,1,clinical,lung cancer,C53,validation,lcy20201125,,lcy20201125_181.raw.zip,https://ftp.ebi.ac.uk/pub/databases/metabolights/studies/public/MTBLS6990/FILES/RAW_FILES/untargeted/lcy20201125_181.raw.zip,541b80bf033e62a88e3d0a341ca6c1bd7fedf71e22804723fa87bddd1a8ae2b2
lung,lcy20201125_183,T54,lcy20201125_183.mzML,0,clinical,Pulmonary Tuberculosis,T54,validation,lcy20201125,,lcy20201125_183.raw.zip,https://ftp.ebi.ac.uk/pub/databases/metabolights/studies/public/MTBLS6990/FILES/RAW_FILES/untargeted/lcy20201125_183.raw.zip,e56d1b4fb64882f48aa376e6a3eac98b036b8622c67e79865d6d5073c03e5cd5
lung,lcy20201125_184,C54,lcy20201125_184.mzML,1,clinical,lung cancer,C54,validation,lcy20201125,,lcy20201125_184.raw.zip,https://ftp.ebi.ac.uk/pub/databases/metabolights/studies/public/MTBLS6990/FILES/RAW_FILES/untargeted/lcy20201125_184.raw.zip,d1fdb5fb68408537a190aeccb677607eba910a027052c733c1ec87823a366776
lung,lcy20201125_186,T55,lcy20201125_186.mzML,0,clinical,Pulmonary Tuberculosis,T55,validation,lcy20201125,,lcy20201125_186.raw.zip,https://ftp.ebi.ac.uk/pub/databases/metabolights/studies/public/MTBLS6990/FILES/RAW_FILES/untargeted/lcy20201125_186.raw.zip,87d37c400472fbb44a205042f80d8647f9d95b7fb88a8d5c294fcd29c9566662
lung,lcy20201125_187,C55,lcy20201125_187.mzML,1,clinical,lung cancer,C55,validation,lcy20201125,,lcy20201125_187.raw.zip,https://ftp.ebi.ac.uk/pub/databases/metabolights/studies/public/MTBLS6990/FILES/RAW_FILES/untargeted/lcy20201125_187.raw.zip,557770ea7a043f8a4234f3f53af8746baca23c44f855a9162b2f3b957a2f6634
lung,lcy20201125_190,T56,lcy20201125_190.mzML,0,clinical,Pulmonary Tuberculosis,T56,validation,lcy20201125,,lcy20201125_190.raw.zip,https://ftp.ebi.ac.uk/pub/databases/metabolights/studies/public/MTBLS6990/FILES/RAW_FILES/untargeted/lcy20201125_190.raw.zip,7dd3fb3a6f64626d9527b05e86e7195da89f112746fcb0009cec2b03276716ac
lung,lcy20201125_191,C56,lcy20201125_191.mzML,1,clinical,lung cancer,C56,validation,lcy20201125,,lcy20201125_191.raw.zip,https://ftp.ebi.ac.uk/pub/databases/metabolights/studies/public/MTBLS6990/FILES/RAW_FILES/untargeted/lcy20201125_191.raw.zip,a9d8ce9f0c7df32ccaaf26ad957cb0e614031a492cf156f6362077642d1fec5d
lung,lcy20201125_193,T57,lcy20201125_193.mzML,0,clinical,Pulmonary Tuberculosis,T57,validation,lcy20201125,,lcy20201125_193.raw.zip,https://ftp.ebi.ac.uk/pub/databases/metabolights/studies/public/MTBLS6990/FILES/RAW_FILES/untargeted/lcy20201125_193.raw.zip,c7363edb73e94db40e05113b8fad7e46b191926f95aa394e54b967b2284d594e
lung,lcy20201125_194,C57,lcy20201125_194.mzML,1,clinical,lung cancer,C57,validation,lcy20201125,,lcy20201125_194.raw.zip,https://ftp.ebi.ac.uk/pub/databases/metabolights/studies/public/MTBLS6990/FILES/RAW_FILES/untargeted/lcy20201125_194.raw.zip,a06fa6e24d8d98f7f221b74b5daffaec36d4ddf808f1d0ed8702623bcf2f5303
lung,lcy20201125_196,T58,lcy20201125_196.mzML,0,clinical,Pulmonary Tuberculosis,T58,validation,lcy20201125,,lcy20201125_196.raw.zip,https://ftp.ebi.ac.uk/pub/databases/metabolights/studies/public/MTBLS6990/FILES/RAW_FILES/untargeted/lcy20201125_196.raw.zip,14a6177886e22e9aeaec432433580a47003127d573928d0b7f019f4817cb0978
lung,lcy20201125_197,C58,lcy20201125_197.mzML,1,clinical,lung cancer,C58,validation,lcy20201125,,lcy20201125_197.raw.zip,https://ftp.ebi.ac.uk/pub/databases/metabolights/studies/public/MTBLS6990/FILES/RAW_FILES/untargeted/lcy20201125_197.raw.zip,a95bedd2f4bb6f370637d873b7dfebf636c98cb1c755ddf87cf3a928506ae24f
lung,lcy20201125_199,T59,lcy20201125_199.mzML,0,clinical,Pulmonary Tuberculosis,T59,validation,lcy20201125,,lcy20201125_199.raw.zip,https://ftp.ebi.ac.uk/pub/databases/metabolights/studies/public/MTBLS6990/FILES/RAW_FILES/untargeted/lcy20201125_199.raw.zip,36e09b0df90cf1772f7df794cbdf87d75e52f439e293417653dc2ad58cae4481
lung,lcy20201125_20,T3,lcy20201125_20.mzML,0,clinical,Pulmonary Tuberculosis,T3,validation,lcy20201125,,lcy20201125_20.raw.zip,https://ftp.ebi.ac.uk/pub/databases/metabolights/studies/public/MTBLS6990/FILES/RAW_FILES/untargeted/lcy20201125_20.raw.zip,00f0d6947f4c7d677c9d2f96935a74129fd94e509edee8a31138701c8de8f9bc
lung,lcy20201125_200,C59,lcy20201125_200.mzML,1,clinical,lung cancer,C59,validation,lcy20201125,,lcy20201125_200.raw.zip,https://ftp.ebi.ac.uk/pub/databases/metabolights/studies/public/MTBLS6990/FILES/RAW_FILES/untargeted/lcy20201125_200.raw.zip,982940701e0b6a9dcf35cd8e3829ed2fe7835435f0d2a243e530a1ec60999088
lung,lcy20201125_202,T60,lcy20201125_202.mzML,0,clinical,Pulmonary Tuberculosis,T60,validation,lcy20201125,,lcy20201125_202.raw.zip,https://ftp.ebi.ac.uk/pub/databases/metabolights/studies/public/MTBLS6990/FILES/RAW_FILES/untargeted/lcy20201125_202.raw.zip,10d507f902361a6bd8edb58a59296d00ed5929e2a9350d0c9eed44295afbb180
lung,lcy20201125_203,C60,lcy20201125_203.mzML,1,clinical,lung cancer,C60,validation,lcy20201125,,lcy20201125_203.raw.zip,https://ftp.ebi.ac.uk/pub/databases/metabolights/studies/public/MTBLS6990/FILES/RAW_FILES/untargeted/lcy20201125_203.raw.zip,f1f30163dcc735614fbfd19378178487dbb12a0f0c829b81d4da47dbe1793d23
lung,lcy20201125_206,T61,lcy20201125_206.mzML,0,clinical,Pulmonary Tuberculosis,T61,validation,lcy20201125,,lcy20201125_206.raw.zip,https://ftp.ebi.ac.uk/pub/databases/metabolights/studies/public/MTBLS6990/FILES/RAW_FILES/untargeted/lcy20201125_206.raw.zip,5f136ba700bac5764b27509c8054d1c1893bdd220618a58d31e177b3941e0523
lung,lcy20201125_207,C61,lcy20201125_207.mzML,1,clinical,lung cancer,C61,validation,lcy20201125,,lcy20201125_207.raw.zip,https://ftp.ebi.ac.uk/pub/databases/metabolights/studies/public/MTBLS6990/FILES/RAW_FILES/untargeted/lcy20201125_207.raw.zip,4d3710a4bffd662d781197b83c9c83c78ef1951d180866e3505e1a41853254cf
lung,lcy20201125_209,T62,lcy20201125_209.mzML,0,clinical,Pulmonary Tuberculosis,T62,validation,lcy20201125,,lcy20201125_209.raw.zip,https://ftp.ebi.ac.uk/pub/databases/metabolights/studies/public/MTBLS6990/FILES/RAW_FILES/untargeted/lcy20201125_209.raw.zip,3826be2b58d4a14b12abebf8299cb4781214fccc8b83d582f548c1a7ad0b2cde
lung,lcy20201125_21,C3,lcy20201125_21.mzML,1,clinical,lung cancer,C3,validation,lcy20201125,,lcy20201125_21.raw.zip,https://ftp.ebi.ac.uk/pub/databases/metabolights/studies/public/MTBLS6990/FILES/RAW_FILES/untargeted/lcy20201125_21.raw.zip,6d7de0c9acf164bc802546b4a85199de8a019d1e84992d48f67e1a7bddfd550b
lung,lcy20201125_210,C62,lcy20201125_210.mzML,1,clinical,lung cancer,C62,validation,lcy20201125,,lcy20201125_210.raw.zip,https://ftp.ebi.ac.uk/pub/databases/metabolights/studies/public/MTBLS6990/FILES/RAW_FILES/untargeted/lcy20201125_210.raw.zip,5f87516a6954043a650e2f2f4692b316dd1a0348fceaa746a9e01b906e8c3b29
lung,lcy20201125_212,T63,lcy20201125_212.mzML,0,clinical,Pulmonary Tuberculosis,T63,validation,lcy20201125,,lcy20201125_212.raw.zip,https://ftp.ebi.ac.uk/pub/databases/metabolights/studies/public/MTBLS6990/FILES/RAW_FILES/untargeted/lcy20201125_212.raw.zip,750eae285cf30dd8b26706212d764f7ae42e0488e53ecbbc7295ddd147eae06f
lung,lcy20201125_213,C63,lcy20201125_213.mzML,1,clinical,lung cancer,C63,validation,lcy20201125,,lcy20201125_213.raw.zip,https://ftp.ebi.ac.uk/pub/databases/metabolights/studies/public/MTBLS6990/FILES/RAW_FILES/untargeted/lcy20201125_213.raw.zip,659625f677ca2ae101775e199ab3042ffa052ac215fe53ab5e18448b0089fe70
lung,lcy20201125_215,C64,lcy20201125_215.mzML,1,clinical,lung cancer,C64,validation,lcy20201125,,lcy20201125_215.raw.zip,https://ftp.ebi.ac.uk/pub/databases/metabolights/studies/public/MTBLS6990/FILES/RAW_FILES/untargeted/lcy20201125_215.raw.zip,5327e31ccc6d380b1b278129f50807083bd7baa172b8ed136a4f766e762b5de4
lung,lcy20201125_216,C65,lcy20201125_216.mzML,1,clinical,lung cancer,C65,validation,lcy20201125,,lcy20201125_216.raw.zip,https://ftp.ebi.ac.uk/pub/databases/metabolights/studies/public/MTBLS6990/FILES/RAW_FILES/untargeted/lcy20201125_216.raw.zip,0090917f674a1eba8d7e1b415488040363caea86821b9bb90c82f1cd066f5cec
lung,lcy20201125_217,C66,lcy20201125_217.mzML,1,clinical,lung cancer,C66,validation,lcy20201125,,lcy20201125_217.raw.zip,https://ftp.ebi.ac.uk/pub/databases/metabolights/studies/public/MTBLS6990/FILES/RAW_FILES/untargeted/lcy20201125_217.raw.zip,f12717653404b063b1934568fe1e604f392b9702474890218790d39ff2349b88
lung,lcy20201125_218,C67,lcy20201125_218.mzML,1,clinical,lung cancer,C67,validation,lcy20201125,,lcy20201125_218.raw.zip,https://ftp.ebi.ac.uk/pub/databases/metabolights/studies/public/MTBLS6990/FILES/RAW_FILES/untargeted/lcy20201125_218.raw.zip,07ce754c1cf555e45e46478de808f1ab6cb1aa8cc72e97b1f1d6dc08614daea9
lung,lcy20201125_219,C68,lcy20201125_219.mzML,1,clinical,lung cancer,C68,validation,lcy20201125,,lcy20201125_219.raw.zip,https://ftp.ebi.ac.uk/pub/databases/metabolights/studies/public/MTBLS6990/FILES/RAW_FILES/untargeted/lcy20201125_219.raw.zip,f0fec373aa96f003d0fec70e368b8d46a24634798478e9036cc13eb5d76f5963
lung,lcy20201125_220,C69,lcy20201125_220.mzML,1,clinical,lung cancer,C69,validation,lcy20201125,,lcy20201125_220.raw.zip,https://ftp.ebi.ac.uk/pub/databases/metabolights/studies/public/MTBLS6990/FILES/RAW_FILES/untargeted/lcy20201125_220.raw.zip,e98f387fa542b3525650f0316c90a42498e21ab5c03afd48de0edb7c3ff57b56
lung,lcy20201125_222,C70,lcy20201125_222.mzML,1,clinical,lung cancer,C70,validation,lcy20201125,,lcy20201125_222.raw.zip,https://ftp.ebi.ac.uk/pub/databases/metabolights/studies/public/MTBLS6990/FILES/RAW_FILES/untargeted/lcy20201125_222.raw.zip,e2cc03a3864436b0f0ba6280e4eed53aa1bbc24a44ad217153edc47cf6b83707
lung,lcy20201125_223,C71,lcy20201125_223.mzML,1,clinical,lung cancer,C71,validation,lcy20201125,,lcy20201125_223.raw.zip,https://ftp.ebi.ac.uk/pub/databases/metabolights/studies/public/MTBLS6990/FILES/RAW_FILES/untargeted/lcy20201125_223.raw.zip,ba143417ec99536c59a61687f38526f955ea2d5b967b48eb28fe6f5c4dc34464
lung,lcy20201125_224,C72,lcy20201125_224.mzML,1,clinical,lung cancer,C72,validation,lcy20201125,,lcy20201125_224.raw.zip,https://ftp.ebi.ac.uk/pub/databases/metabolights/studies/public/MTBLS6990/FILES/RAW_FILES/untargeted/lcy20201125_224.raw.zip,236a1384a38ed85e059035916324c77aa560ef32dbe9e5e6845310bdfc2aa66c
lung,lcy20201125_225,C73,lcy20201125_225.mzML,1,clinical,lung cancer,C73,validation,lcy20201125,,lcy20201125_225.raw.zip,https://ftp.ebi.ac.uk/pub/databases/metabolights/studies/public/MTBLS6990/FILES/RAW_FILES/untargeted/lcy20201125_225.raw.zip,066236ddcadf650e2cc59385f88745825af335a5d5b4f2efd2bb60ec326e4975
lung,lcy20201125_226,C74,lcy20201125_226.mzML,1,clinical,lung cancer,C74,validation,lcy20201125,,lcy20201125_226.raw.zip,https://ftp.ebi.ac.uk/pub/databases/metabolights/studies/public/MTBLS6990/FILES/RAW_FILES/untargeted/lcy20201125_226.raw.zip,a474062f266c1153e42d533f644ade2a9bdb91a590df2acb46cebebbc991167c
lung,lcy20201125_227,C75,lcy20201125_227.mzML,1,clinical,lung cancer,C75,validation,lcy20201125,,lcy20201125_227.raw.zip,https://ftp.ebi.ac.uk/pub/databases/metabolights/studies/public/MTBLS6990/FILES/RAW_FILES/untargeted/lcy20201125_227.raw.zip,419ce3c726f41e872ca8e2dd01aa1a8c118952a0502b526403fd95f1f41ff71d
lung,lcy20201125_228,C76,lcy20201125_228.mzML,1,clinical,lung cancer,C76,validation,lcy20201125,,lcy20201125_228.raw.zip,https://ftp.ebi.ac.uk/pub/databases/metabolights/studies/public/MTBLS6990/FILES/RAW_FILES/untargeted/lcy20201125_228.raw.zip,a522c8d01d1970964012942fada59ad1cd1649e890f15285fb9e8e032426fc10
lung,lcy20201125_229,C77,lcy20201125_229.mzML,1,clinical,lung cancer,C77,validation,lcy20201125,,lcy20201125_229.raw.zip,https://ftp.ebi.ac.uk/pub/databases/metabolights/studies/public/MTBLS6990/FILES/RAW_FILES/untargeted/lcy20201125_229.raw.zip,f26b2dde43827f2421514aa0a55b876bcb1a95879f93aed5beb13a4f63132edc
lung,lcy20201125_23,T4,lcy20201125_23.mzML,0,clinical,Pulmonary Tuberculosis,T4,validation,lcy20201125,,lcy20201125_23.raw.zip,https://ftp.ebi.ac.uk/pub/databases/metabolights/studies/public/MTBLS6990/FILES/RAW_FILES/untargeted/lcy20201125_23.raw.zip,9dbee6dd75f731f0feaaa797dcc0762b1a37ed9408ed036d7468d8590683c41f
lung,lcy20201125_230,C78,lcy20201125_230.mzML,1,clinical,lung cancer,C78,validation,lcy20201125,,lcy20201125_230.raw.zip,https://ftp.ebi.ac.uk/pub/databases/metabolights/studies/public/MTBLS6990/FILES/RAW_FILES/untargeted/lcy20201125_230.raw.zip,f17094618a5acf97f3642bad40f16b66d20418f3957ccaae37f5206c3ec1c071
lung,lcy20201125_231,C79,lcy20201125_231.mzML,1,clinical,lung cancer,C79,validation,lcy20201125,,lcy20201125_231.raw.zip,https://ftp.ebi.ac.uk/pub/databases/metabolights/studies/public/MTBLS6990/FILES/RAW_FILES/untargeted/lcy20201125_231.raw.zip,e97c3cd4a557650d3ed3ac1a521e6b3d90e043ac1c28219100d3e3a6c328335c
lung,lcy20201125_232,C80,lcy20201125_232.mzML,1,clinical,lung cancer,C80,validation,lcy20201125,,lcy20201125_232.raw.zip,https://ftp.ebi.ac.uk/pub/databases/metabolights/studies/public/MTBLS6990/FILES/RAW_FILES/untargeted/lcy20201125_232.raw.zip,a393ff4c5efc960951bd91d8800c75bde7f340f2921acb11506581cca7d58408
lung,lcy20201125_233,C81,lcy20201125_233.mzML,1,clinical,lung cancer,C81,validation,lcy20201125,,lcy20201125_233.raw.zip,https://ftp.ebi.ac.uk/pub/databases/metabolights/studies/public/MTBLS6990/FILES/RAW_FILES/untargeted/lcy20201125_233.raw.zip,80c3d5ae2c1217422d43e421dc00c80c926ef8108cba43e4b100a622e8615683
lung,lcy20201125_234,C82,lcy20201125_234.mzML,1,clinical,lung cancer,C82,validation,lcy20201125,,lcy20201125_234.raw.zip,https://ftp.ebi.ac.uk/pub/databases/metabolights/studies/public/MTBLS6990/FILES/RAW_FILES/untargeted/lcy20201125_234.raw.zip,a01c086690b1cf25b192e1b0d6a113a9ccd18a63f304f269847cfabe07208be2
lung,lcy20201125_235,C83,lcy20201125_235.mzML,1,clinical,lung cancer,C83,validation,lcy20201125,,lcy20201125_235.raw.zip,https://ftp.ebi.ac.uk/pub/databases/metabolights/studies/public/MTBLS6990/FILES/RAW_FILES/untargeted/lcy20201125_235.raw.zip,38b9aff233632442111b7b9b367af82f8d05871e369eba28f31656623337d507
lung,lcy20201125_236,C84,lcy20201125_236.mzML,1,clinical,lung cancer,C84,validation,lcy20201125,,lcy20201125_236.raw.zip,https://ftp.ebi.ac.uk/pub/databases/metabolights/studies/public/MTBLS6990/FILES/RAW_FILES/untargeted/lcy20201125_236.raw.zip,d3e27a794a31060482ef10827b5bc15014bc4004dff5fade1749d4cc6e26af0d
lung,lcy20201125_237,C85,lcy20201125_237.mzML,1,clinical,lung cancer,C85,validation,lcy20201125,,lcy20201125_237.raw.zip,https://ftp.ebi.ac.uk/pub/databases/metabolights/studies/public/MTBLS6990/FILES/RAW_FILES/untargeted/lcy20201125_237.raw.zip,b8393ee46c6ad9b5fccd11192f3cb37272e0ca4b98ad09f4bc34d33f3e461e1f
lung,lcy20201125_238,C86,lcy20201125_238.mzML,1,clinical,lung cancer,C86,validation,lcy20201125,,lcy20201125_238.raw.zip,https://ftp.ebi.ac.uk/pub/databases/metabolights/studies/public/MTBLS6990/FILES/RAW_FILES/untargeted/lcy20201125_238.raw.zip,f25136a87a99d5a4f2d205612e458b6c615a407f4ebacc08c5f270a88d560754
lung,lcy20201125_239,C87,lcy20201125_239.mzML,1,clinical,lung cancer,C87,validation,lcy20201125,,lcy20201125_239.raw.zip,https://ftp.ebi.ac.uk/pub/databases/metabolights/studies/public/MTBLS6990/FILES/RAW_FILES/untargeted/lcy20201125_239.raw.zip,f59bc650fccfe7ffadc936ff8b375a0ede402f4f2f40dead744fe5507cf7e97a
lung,lcy20201125_24,C4,lcy20201125_24.mzML,1,clinical,lung cancer,C4,validation,lcy20201125,,lcy20201125_24.raw.zip,https://ftp.ebi.ac.uk/pub/databases/metabolights/studies/public/MTBLS6990/FILES/RAW_FILES/untargeted/lcy20201125_24.raw.zip,abe0152449931bf9143cf89cf1e7ece69648453533b43ce359f380ed1e8b2d20
lung,lcy20201125_240,C88,lcy20201125_240.mzML,1,clinical,lung cancer,C88,validation,lcy20201125,,lcy20201125_240.raw.zip,https://ftp.ebi.ac.uk/pub/databases/metabolights/studies/public/MTBLS6990/FILES/RAW_FILES/untargeted/lcy20201125_240.raw.zip,c609a208e27e70e481c3af8585cddcaf857b79ebda9ce069954a6005c74c7b88
lung,lcy20201125_26,T5,lcy20201125_26.mzML,0,clinical,Pulmonary Tuberculosis,T5,validation,lcy20201125,,lcy20201125_26.raw.zip,https://ftp.ebi.ac.uk/pub/databases/metabolights/studies/public/MTBLS6990/FILES/RAW_FILES/untargeted/lcy20201125_26.raw.zip,a67f5048cfe18e956b2dc9e8b352e564938aa5e25e0d53d9b40a7c7a66defc86
lung,lcy20201125_27,C5,lcy20201125_27.mzML,1,clinical,lung cancer,C5,validation,lcy20201125,,lcy20201125_27.raw.zip,https://ftp.ebi.ac.uk/pub/databases/metabolights/studies/public/MTBLS6990/FILES/RAW_FILES/untargeted/lcy20201125_27.raw.zip,4702d603cc87795d15b190edc8243f8166bee3095f3f0da4e2465bd1871e4432
lung,lcy20201125_30,T6,lcy20201125_30.mzML,0,clinical,Pulmonary Tuberculosis,T6,validation,lcy20201125,,lcy20201125_30.raw.zip,https://ftp.ebi.ac.uk/pub/databases/metabolights/studies/public/MTBLS6990/FILES/RAW_FILES/untargeted/lcy20201125_30.raw.zip,640eeddd474de02b672d3d9f748f536ffbcad56e144eb2867b71c0e4848d6c03
lung,lcy20201125_31,C6,lcy20201125_31.mzML,1,clinical,lung cancer,C6,validation,lcy20201125,,lcy20201125_31.raw.zip,https://ftp.ebi.ac.uk/pub/databases/metabolights/studies/public/MTBLS6990/FILES/RAW_FILES/untargeted/lcy20201125_31.raw.zip,052f481b244fda3dc1c65ed8a62c61227bc7f9e2684a51366379ed95d8cc880a
lung,lcy20201125_33,T7,lcy20201125_33.mzML,0,clinical,Pulmonary Tuberculosis,T7,validation,lcy20201125,,lcy20201125_33.raw.zip,https://ftp.ebi.ac.uk/pub/databases/metabolights/studies/public/MTBLS6990/FILES/RAW_FILES/untargeted/lcy20201125_33.raw.zip,694ac2a67d6887ec7dc1a9b8f60f5ede67821aeeea2a6a3be485e3a2a6aa4c79
lung,lcy20201125_34,C7,lcy20201125_34.mzML,1,clinical,lung cancer,C7,validation,lcy20201125,,lcy20201125_34.raw.zip,https://ftp.ebi.ac.uk/pub/databases/metabolights/studies/public/MTBLS6990/FILES/RAW_FILES/untargeted/lcy20201125_34.raw.zip,cc021c4618ee84da4d0f1d6d04b9e50d0e1c9bf08738ea5c9ba3b90f2a8ba4bb
lung,lcy20201125_36,T8,lcy20201125_36.mzML,0,clinical,Pulmonary Tuberculosis,T8,validation,lcy20201125,,lcy20201125_36.raw.zip,https://ftp.ebi.ac.uk/pub/databases/metabolights/studies/public/MTBLS6990/FILES/RAW_FILES/untargeted/lcy20201125_36.raw.zip,1ea635f9ead39e965c5a15e385a28280140b26ea0b866bcdef567c7ec405ea7a
lung,lcy20201125_37,C8,lcy20201125_37.mzML,1,clinical,lung cancer,C8,validation,lcy20201125,,lcy20201125_37.raw.zip,https://ftp.ebi.ac.uk/pub/databases/metabolights/studies/public/MTBLS6990/FILES/RAW_FILES/untargeted/lcy20201125_37.raw.zip,21056fe334dab262107092f53b9b16a7e6f2aa5ae62917c0809fdcb47b1c8bb8
lung,lcy20201125_39,T9,lcy20201125_39.mzML,0,clinical,Pulmonary Tuberculosis,T9,validation,lcy20201125,,lcy20201125_39.raw.zip,https://ftp.ebi.ac.uk/pub/databases/metabolights/studies/public/MTBLS6990/FILES/RAW_FILES/untargeted/lcy20201125_39.raw.zip,59b6566d1c50693c6d1a68df4f10c5a135055fb46bbfd19697ff48f709352af2
lung,lcy20201125_40,C9,lcy20201125_40.mzML,1,clinical,lung cancer,C9,validation,lcy20201125,,lcy20201125_40.raw.zip,https://ftp.ebi.ac.uk/pub/databases/metabolights/studies/public/MTBLS6990/FILES/RAW_FILES/untargeted/lcy20201125_40.raw.zip,f0653fb5fa591e0409c0590339d2a48e5742a5051955d093b4a5c1d32b08e05d
lung,lcy20201125_42,T10,lcy20201125_42.mzML,0,clinical,Pulmonary Tuberculosis,T10,validation,lcy20201125,,lcy20201125_42.raw.zip,https://ftp.ebi.ac.uk/pub/databases/metabolights/studies/public/MTBLS6990/FILES/RAW_FILES/untargeted/lcy20201125_42.raw.zip,682b1067bb66af8b0a5c5c48c968624568864d0535e00a48e6771bf5a5afce3d
lung,lcy20201125_43,C10,lcy20201125_43.mzML,1,clinical,lung cancer,C10,validation,lcy20201125,,lcy20201125_43.raw.zip,https://ftp.ebi.ac.uk/pub/databases/metabolights/studies/public/MTBLS6990/FILES/RAW_FILES/untargeted/lcy20201125_43.raw.zip,30fe98658728ad6738b8c86a67aa085c955c15cfbe3b4143889d3618277a3fe0
lung,lcy20201125_46,T11,lcy20201125_46.mzML,0,clinical,Pulmonary Tuberculosis,T11,validation,lcy20201125,,lcy20201125_46.raw.zip,https://ftp.ebi.ac.uk/pub/databases/metabolights/studies/public/MTBLS6990/FILES/RAW_FILES/untargeted/lcy20201125_46.raw.zip,0fcdb16e81e56d9af79be8afa8c0aecc36c0da89a1f833593bb673420bf42d1a
lung,lcy20201125_47,C11,lcy20201125_47.mzML,1,clinical,lung cancer,C11,validation,lcy20201125,,lcy20201125_47.raw.zip,https://ftp.ebi.ac.uk/pub/databases/metabolights/studies/public/MTBLS6990/FILES/RAW_FILES/untargeted/lcy20201125_47.raw.zip,f636fd709b0ee040991012bd649c01046a99856cd021ef238ad69a70d432cb29
lung,lcy20201125_49,T12,lcy20201125_49.mzML,0,clinical,Pulmonary Tuberculosis,T12,validation,lcy20201125,,lcy20201125_49.raw.zip,https://ftp.ebi.ac.uk/pub/databases/metabolights/studies/public/MTBLS6990/FILES/RAW_FILES/untargeted/lcy20201125_49.raw.zip,f19c73e5937e240a3a3b09a711a72243cf5a1e8b211379101eecb6883a18153b
lung,lcy20201125_50,C12,lcy20201125_50.mzML,1,clinical,lung cancer,C12,validation,lcy20201125,,lcy20201125_50.raw.zip,https://ftp.ebi.ac.uk/pub/databases/metabolights/studies/public/MTBLS6990/FILES/RAW_FILES/untargeted/lcy20201125_50.raw.zip,5c8e6d3b15e6521ef8bae8a79f3f5965104f87ff3080b8250d7aa38ee8140238
lung,lcy20201125_52,T13,lcy20201125_52.mzML,0,clinical,Pulmonary Tuberculosis,T13,validation,lcy20201125,,lcy20201125_52.raw.zip,https://ftp.ebi.ac.uk/pub/databases/metabolights/studies/public/MTBLS6990/FILES/RAW_FILES/untargeted/lcy20201125_52.raw.zip,a3221a23efbdcf54dfbd2912aeead4ccdd15439490be528c848e9660ee0f56be
lung,lcy20201125_53,C13,lcy20201125_53.mzML,1,clinical,lung cancer,C13,validation,lcy20201125,,lcy20201125_53.raw.zip,https://ftp.ebi.ac.uk/pub/databases/metabolights/studies/public/MTBLS6990/FILES/RAW_FILES/untargeted/lcy20201125_53.raw.zip,c9c2b5e2120d163be6b8e5800f9a76a9f6127ca2c13c70d1b3eb57e0b99f6db8
lung,lcy20201125_55,T14,lcy20201125_55.mzML,0,clinical,Pulmonary Tuberculosis,T14,validation,lcy20201125,,lcy20201125_55.raw.zip,https://ftp.ebi.ac.uk/pub/databases/metabolights/studies/public/MTBLS6990/FILES/RAW_FILES/untargeted/lcy20201125_55.raw.zip,4e86b088867aee1c7bbba4585fb276ac115941ff389fb421600261a0fbe33844
lung,lcy20201125_56,C14,lcy20201125_56.mzML,1,clinical,lung cancer,C14,validation,lcy20201125,,lcy20201125_56.raw.zip,https://ftp.ebi.ac.uk/pub/databases/metabolights/studies/public/MTBLS6990/FILES/RAW_FILES/untargeted/lcy20201125_56.raw.zip,ebf875a5d0bd9e23b52404b0313a2b1be6c5403f12d265db907bc2b81b12bc36
lung,lcy20201125_58,T15,lcy20201125_58.mzML,0,clinical,Pulmonary Tuberculosis,T15,validation,lcy20201125,,lcy20201125_58.raw.zip,https://ftp.ebi.ac.uk/pub/databases/metabolights/studies/public/MTBLS6990/FILES/RAW_FILES/untargeted/lcy20201125_58.raw.zip,1f9dbdec27628a9ddb18657cc4cb94b67048fd8748fd8fe239609f1867176f95
lung,lcy20201125_59,C15,lcy20201125_59.mzML,1,clinical,lung cancer,C15,validation,lcy20201125,,lcy20201125_59.raw.zip,https://ftp.ebi.ac.uk/pub/databases/metabolights/studies/public/MTBLS6990/FILES/RAW_FILES/untargeted/lcy20201125_59.raw.zip,b5f23a770af202922569f48eea26eb25da14bdf61596995cbe71be6198fa4727
lung,lcy20201125_62,T16,lcy20201125_62.mzML,0,clinical,Pulmonary Tuberculosis,T16,validation,lcy20201125,,lcy20201125_62.raw.zip,https://ftp.ebi.ac.uk/pub/databases/metabolights/studies/public/MTBLS6990/FILES/RAW_FILES/untargeted/lcy20201125_62.raw.zip,0f4c2af6d65ad8931d2675698957c7eda2dda2252e6f00386ee1e24fc7259e81
lung,lcy20201125_63,C16,lcy20201125_63.mzML,1,clinical,lung cancer,C16,validation,lcy20201125,,lcy20201125_63.raw.zip,https://ftp.ebi.ac.uk/pub/databases/metabolights/studies/public/MTBLS6990/FILES/RAW_FILES/untargeted/lcy20201125_63.raw.zip,972f97365c87416346d11538daf09f0352e4466b5ab12e0ed62919b7216ba272
lung,lcy20201125_65,T17,lcy20201125_65.mzML,0,clinical,Pulmonary Tuberculosis,T17,validation,lcy20201125,,lcy20201125_65.raw.zip,https://ftp.ebi.ac.uk/pub/databases/metabolights/studies/public/MTBLS6990/FILES/RAW_FILES/untargeted/lcy20201125_65.raw.zip,0406b6051315661884865d1b2ad6ecf53b24c6bf20f1421f61f29a43c6e469d9
lung,lcy20201125_66,C17,lcy20201125_66.mzML,1,clinical,lung cancer,C17,validation,lcy20201125,,lcy20201125_66.raw.zip,https://ftp.ebi.ac.uk/pub/databases/metabolights/studies/public/MTBLS6990/FILES/RAW_FILES/untargeted/lcy20201125_66.raw.zip,d52308439a9d46051e3187fb569f8ef6925c9acbc49ccf64b9ef01dffba9abf1
lung,lcy20201125_68,T18,lcy20201125_68.mzML,0,clinical,Pulmonary Tuberculosis,T18,validation,lcy20201125,,lcy20201125_68.raw.zip,https://ftp.ebi.ac.uk/pub/databases/metabolights/studies/public/MTBLS6990/FILES/RAW_FILES/untargeted/lcy20201125_68.raw.zip,d6b0c245bc2c8b9b9b01de47fa70772bea16304da9d0ada2da525238796ab91b
lung,lcy20201125_69,C18,lcy20201125_69.mzML,1,clinical,lung cancer,C18,validation,lcy20201125,,lcy20201125_69.raw.zip,https://ftp.ebi.ac.uk/pub/databases/metabolights/studies/public/MTBLS6990/FILES/RAW_FILES/untargeted/lcy20201125_69.raw.zip,8ef181d75f5c5a612de20630ca6eeb85f65f1bcb6ae526f41953cc1b4bb0bfab
lung,lcy20201125_71,T19,lcy20201125_71.mzML,0,clinical,Pulmonary Tuberculosis,T19,validation,lcy20201125,,lcy20201125_71.raw.zip,https://ftp.ebi.ac.uk/pub/databases/metabolights/studies/public/MTBLS6990/FILES/RAW_FILES/untargeted/lcy20201125_71.raw.zip,7aac2def744b23b6542b275293cb29bf110a297240a31f20c421d33ceb72f959
lung,lcy20201125_72,C19,lcy20201125_72.mzML,1,clinical,lung cancer,C19,validation,lcy20201125,,lcy20201125_72.raw.zip,https://ftp.ebi.ac.uk/pub/databases/metabolights/studies/public/MTBLS6990/FILES/RAW_FILES/untargeted/lcy20201125_72.raw.zip,df310e1bb9aaf4ff4b88d2e0ee23c280e1c86a49c008d7876a847823b77a203c
lung,lcy20201125_74,T20,lcy20201125_74.mzML,0,clinical,Pulmonary Tuberculosis,T20,validation,lcy20201125,,lcy20201125_74.raw.zip,https://ftp.ebi.ac.uk/pub/databases/metabolights/studies/public/MTBLS6990/FILES/RAW_FILES/untargeted/lcy20201125_74.raw.zip,d9a1f9b7fe6481317950a5be72f54ddbe3347feac5290d6c463edb083de49d04
lung,lcy20201125_75,C20,lcy20201125_75.mzML,1,clinical,lung cancer,C20,validation,lcy20201125,,lcy20201125_75.raw.zip,https://ftp.ebi.ac.uk/pub/databases/metabolights/studies/public/MTBLS6990/FILES/RAW_FILES/untargeted/lcy20201125_75.raw.zip,c6d88da52f576b56ec41265913d952adc7a42b4db5043294658b6ee7fd812127
lung,lcy20201125_78,T21,lcy20201125_78.mzML,0,clinical,Pulmonary Tuberculosis,T21,validation,lcy20201125,,lcy20201125_78.raw.zip,https://ftp.ebi.ac.uk/pub/databases/metabolights/studies/public/MTBLS6990/FILES/RAW_FILES/untargeted/lcy20201125_78.raw.zip,839ee4e2d8a6c5eb73078f6fef62a2fec4e6dc31bb8982c94a9f42244db4d631
lung,lcy20201125_79,C21,lcy20201125_79.mzML,1,clinical,lung cancer,C21,validation,lcy20201125,,lcy20201125_79.raw.zip,https://ftp.ebi.ac.uk/pub/databases/metabolights/studies/public/MTBLS6990/FILES/RAW_FILES/untargeted/lcy20201125_79.raw.zip,a95fdd80fb79f2ba571ef91f92269aef48cce5820e221a51937e3641cd69d785
lung,lcy20201125_81,T22,lcy20201125_81.mzML,0,clinical,Pulmonary Tuberculosis,T22,validation,lcy20201125,,lcy20201125_81.raw.zip,https://ftp.ebi.ac.uk/pub/databases/metabolights/studies/public/MTBLS6990/FILES/RAW_FILES/untargeted/lcy20201125_81.raw.zip,d07a39be413be216c51ad2289e8a5040271c8fb24ec1eda2abc4aa8ec6f69c7c
lung,lcy20201125_82,C22,lcy20201125_82.mzML,1,clinical,lung cancer,C22,validation,lcy20201125,,lcy20201125_82.raw.zip,https://ftp.ebi.ac.uk/pub/databases/metabolights/studies/public/MTBLS6990/FILES/RAW_FILES/untargeted/lcy20201125_82.raw.zip,b53a57bb5ece1144e0f6ad600b801abb4b62d8274f3cbb7fc077b1f2afd9851f
lung,lcy20201125_84,T23,lcy20201125_84.mzML,0,clinical,Pulmonary Tuberculosis,T23,validation,lcy20201125,,lcy20201125_84.raw.zip,https://ftp.ebi.ac.uk/pub/databases/metabolights/studies/public/MTBLS6990/FILES/RAW_FILES/untargeted/lcy20201125_84.raw.zip,0ad1a3e6ac6aa4357d54ff0cddffee31e7f39eb1cbba195ece3d6bcf2d2c13f7
lung,lcy20201125_85,C23,lcy20201125_85.mzML,1,clinical,lung cancer,C23,validation,lcy20201125,,lcy20201125_85.raw.zip,https://ftp.ebi.ac.uk/pub/databases/metabolights/studies/public/MTBLS6990/FILES/RAW_FILES/untargeted/lcy20201125_85.raw.zip,e422eb809d23ed1d392bf11002bc6a2cb40c5bfccfae67bda20e5a13a27a5992
lung,lcy20201125_87,T24,lcy20201125_87.mzML,0,clinical,Pulmonary Tuberculosis,T24,validation,lcy20201125,,lcy20201125_87.raw.zip,https://ftp.ebi.ac.uk/pub/databases/metabolights/studies/public/MTBLS6990/FILES/RAW_FILES/untargeted/lcy20201125_87.raw.zip,e01a66f010e491deb850b234052e05528771113a79a02880cd7ec5e4e72e2097
lung,lcy20201125_88,C24,lcy20201125_88.mzML,1,clinical,lung cancer,C24,validation,lcy20201125,,lcy20201125_88.raw.zip,https://ftp.ebi.ac.uk/pub/databases/metabolights/studies/public/MTBLS6990/FILES/RAW_FILES/untargeted/lcy20201125_88.raw.zip,11a5d84849bb6e29ba66dfff2d0e5521ae79c5c47b3d86e133b4e0ff38de1595
lung,lcy20201125_90,T25,lcy20201125_90.mzML,0,clinical,Pulmonary Tuberculosis,T25,validation,lcy20201125,,lcy20201125_90.raw.zip,https://ftp.ebi.ac.uk/pub/databases/metabolights/studies/public/MTBLS6990/FILES/RAW_FILES/untargeted/lcy20201125_90.raw.zip,0a1f86961757ccb7f530f4152ebaafcfc348e034b770efca474928e6040ba1ad
lung,lcy20201125_91,C25,lcy20201125_91.mzML,1,clinical,lung cancer,C25,validation,lcy20201125,,lcy20201125_91.raw.zip,https://ftp.ebi.ac.uk/pub/databases/metabolights/studies/public/MTBLS6990/FILES/RAW_FILES/untargeted/lcy20201125_91.raw.zip,6fb8b0fcd69b9981b5845e03ca6c452f550b99e5f3289669913fd5b24ced94a1
lung,lcy20201125_94,T26,lcy20201125_94.mzML,0,clinical,Pulmonary Tuberculosis,T26,validation,lcy20201125,,lcy20201125_94.raw.zip,https://ftp.ebi.ac.uk/pub/databases/metabolights/studies/public/MTBLS6990/FILES/RAW_FILES/untargeted/lcy20201125_94.raw.zip,1ab6be8a69b42d484912c29e6937e9b9e44420cd981e27586768908b9e403495
lung,lcy20201125_95,C26,lcy20201125_95.mzML,1,clinical,lung cancer,C26,validation,lcy20201125,,lcy20201125_95.raw.zip,https://ftp.ebi.ac.uk/pub/databases/metabolights/studies/public/MTBLS6990/FILES/RAW_FILES/untargeted/lcy20201125_95.raw.zip,09d97060eec282288e580287c8471b57de34e24ad5b8583ca5ae0ace9684eca1
lung,lcy20201125_97,T27,lcy20201125_97.mzML,0,clinical,Pulmonary Tuberculosis,T27,validation,lcy20201125,,lcy20201125_97.raw.zip,https://ftp.ebi.ac.uk/pub/databases/metabolights/studies/public/MTBLS6990/FILES/RAW_FILES/untargeted/lcy20201125_97.raw.zip,640f7958e371ab42c616969be5f15f93194421a0ad440afc1213afd8c74b05ac
lung,lcy20201125_98,C27,lcy20201125_98.mzML,1,clinical,lung cancer,C27,validation,lcy20201125,,lcy20201125_98.raw.zip,https://ftp.ebi.ac.uk/pub/databases/metabolights/studies/public/MTBLS6990/FILES/RAW_FILES/untargeted/lcy20201125_98.raw.zip,929cb5aad3c08402e6aa1ece093ac0e555a9bc391437681571ab992d557b9cf1
lung,lcy20201008_1,blank1,lcy20201008_1.mzML,,blank,,blank1,discovery,lcy20201008,,lcy20201008_1.raw.zip,https://ftp.ebi.ac.uk/pub/databases/metabolights/studies/public/MTBLS6990/FILES/RAW_FILES/untargeted/lcy20201008_1.raw.zip,f05c40fc7884d717fa2dab3adad1ee8bb35d1ea2cb2cb31b332ec6170cf926c2
lung,lcy20201008_10,qc1-8,lcy20201008_10.mzML,,qc,,qc1-8,discovery,lcy20201008,,lcy20201008_10.raw.zip,https://ftp.ebi.ac.uk/pub/databases/metabolights/studies/public/MTBLS6990/FILES/RAW_FILES/untargeted/lcy20201008_10.raw.zip,95f6325cef72006b1b47411249438bef396e5eb127286d444712c63048b9deda
lung,lcy20201008_107,qc6-8,lcy20201008_107.mzML,,qc,,qc6-8,discovery,lcy20201008,,lcy20201008_107.raw.zip,https://ftp.ebi.ac.uk/pub/databases/metabolights/studies/public/MTBLS6990/FILES/RAW_FILES/untargeted/lcy20201008_107.raw.zip,7cb615755be76e5e384f5e0da363a2229ff670617bec0a10659f2159f6b8ba2a
lung,lcy20201008_11,qc1-9,lcy20201008_11.mzML,,qc,,qc1-9,discovery,lcy20201008,,lcy20201008_11.raw.zip,https://ftp.ebi.ac.uk/pub/databases/metabolights/studies/public/MTBLS6990/FILES/RAW_FILES/untargeted/lcy20201008_11.raw.zip,e80b5ded20ab8f66881b850b85ed6a2d88ef2d3b54a869c80764207183fd6b56
lung,lcy20201008_118,qc6-9,lcy20201008_118.mzML,,qc,,qc6-9,discovery,lcy20201008,,lcy20201008_118.raw.zip,https://ftp.ebi.ac.uk/pub/databases/metabolights/studies/public/MTBLS6990/FILES/RAW_FILES/untargeted/lcy20201008_118.raw.zip,299e90428d9ef46c103b7c28d19f2fa4a705be0315dacab3524a6c991c6e351d
lung,lcy20201008_12,qc2,lcy20201008_12.mzML,,qc,,qc2,discovery,lcy20201008,,lcy20201008_12.raw.zip,https://ftp.ebi.ac.uk/pub/databases/metabolights/studies/public/MTBLS6990/FILES/RAW_FILES/untargeted/lcy20201008_12.raw.zip,0d7d18b2d8c7ce3fd993ba778c5d2ed7cddb073ec1ca8423cf9d9010440bfcaf
lung,lcy20201008_13,qc3,lcy20201008_13.mzML,,qc,,qc3,discovery,lcy20201008,,lcy20201008_13.raw.zip,https://ftp.ebi.ac.uk/pub/databases/metabolights/studies/public/MTBLS6990/FILES/RAW_FILES/untargeted/lcy20201008_13.raw.zip,916ee6bd4d35895da59d9e28ccfa319e08841301cc3df710bbf67207d066977a
lung,lcy20201008_131,qc6-10,lcy20201008_131.mzML,,qc,,qc6-10,discovery,lcy20201008,,lcy20201008_131.raw.zip,https://ftp.ebi.ac.uk/pub/databases/metabolights/studies/public/MTBLS6990/FILES/RAW_FILES/untargeted/lcy20201008_131.raw.zip,213ab95f9370b785dbe76c438a3eace2047a3a5bf1f4571ef2abb0b069694b15
lung,lcy20201008_14,qc4,lcy20201008_14.mzML,,qc,,qc4,discovery,lcy20201008,,lcy20201008_14.raw.zip,https://ftp.ebi.ac.uk/pub/databases/metabolights/studies/public/MTBLS6990/FILES/RAW_FILES/untargeted/lcy20201008_14.raw.zip,020642da7e0730d004b81e1c2c2e336690bbee77d24e5ad51a0d96a7a5f77b50
lung,lcy20201008_148,qc6-11,lcy20201008_148.mzML,,qc,,qc6-11,discovery,lcy20201008,,lcy20201008_148.raw.zip,https://ftp.ebi.ac.uk/pub/databases/metabolights/studies/public/MTBLS6990/FILES/RAW_FILES/untargeted/lcy20201008_148.raw.zip,0bbaa50b3b7d3e4056ae973a695d1eb9a1122dc577da231b4c6e73d3f1eb0fb7
lung,lcy20201008_15,qc5,lcy20201008_15.mzML,,qc,,qc5,discovery,lcy20201008,,lcy20201008_15.raw.zip,https://ftp.ebi.ac.uk/pub/databases/metabolights/studies/public/MTBLS6990/FILES/RAW_FILES/untargeted/lcy20201008_15.raw.zip,9a4feeafafe3226358f12b9f33c7a703d09977a666acf64046351488e940d4c9
lung,lcy20201008_16,qc6,lcy20201008_16.mzML,,qc,,qc6,discovery,lcy20201008,,lcy20201008_16.raw.zip,https://ftp.ebi.ac.uk/pub/databases/metabolights/studies/public/MTBLS6990/FILES/RAW_FILES/untargeted/lcy20201008_16.raw.zip,c24e750af59d391d506c63f61b89ef315642d96c7c1368622184b90679920bbf
lung,lcy20201008_2,blank2,lcy20201008_2.mzML,,blank,,blank2,discovery,lcy20201008,,lcy20201008_2.raw.zip,https://ftp.ebi.ac.uk/pub/databases/metabolights/studies/public/MTBLS6990/FILES/RAW_FILES/untargeted/lcy20201008_2.raw.zip,6b32a3efe51c310e57576bbc12f61bdb7985c48f5c1aa2ffd3d91012fb5d1c29
lung,lcy20201008_29,qc6-2,lcy20201008_29.mzML,,qc,,qc6-2,discovery,lcy20201008,,lcy20201008_29.raw.zip,https://ftp.ebi.ac.uk/pub/databases/metabolights/studies/public/MTBLS6990/FILES/RAW_FILES/untargeted/lcy20201008_29.raw.zip,8c4ee832f1405af632092f536d442d6d6bbc9362f1f055873284ecc7c031c751
lung,lcy20201008_3,qc1-1,lcy20201008_3.mzML,,qc,,qc1-1,discovery,lcy20201008,,lcy20201008_3.raw.zip,https://ftp.ebi.ac.uk/pub/databases/metabolights/studies/public/MTBLS6990/FILES/RAW_FILES/untargeted/lcy20201008_3.raw.zip,d3389e8083c65a2619b1adb02783747c9bc89264449ce23cc78b6fcc8d91524a
lung,lcy20201008_4,qc1-2,lcy20201008_4.mzML,,qc,,qc1-2,discovery,lcy20201008,,lcy20201008_4.raw.zip,https://ftp.ebi.ac.uk/pub/databases/metabolights/studies/public/MTBLS6990/FILES/RAW_FILES/untargeted/lcy20201008_4.raw.zip,9e09e0e0a2f13f5505073971987b871ecece229f3c16ecf35b0baaecd30f4907
lung,lcy20201008_42,qc6-3,lcy20201008_42.mzML,,qc,,qc6-3,discovery,lcy20201008,,lcy20201008_42.raw.zip,https://ftp.ebi.ac.uk/pub/databases/metabolights/studies/public/MTBLS6990/FILES/RAW_FILES/untargeted/lcy20201008_42.raw.zip,a7e2353cbac1408bc8237e2a4894252543ba7882642758aa6349ad48048f365a
lung,lcy20201008_5,qc1-3,lcy20201008_5.mzML,,qc,,qc1-3,discovery,lcy20201008,,lcy20201008_5.raw.zip,https://ftp.ebi.ac.uk/pub/databases/metabolights/studies/public/MTBLS6990/FILES/RAW_FILES/untargeted/lcy20201008_5.raw.zip,526cde0cec440e95057ee757550b60a72b0e831aa1dcb6081abe0d1ef3e2ec24
lung,lcy20201008_55,qc6-4,lcy20201008_55.mzML,,qc,,qc6-4,discovery,lcy20201008,,lcy20201008_55.raw.zip,https://ftp.ebi.ac.uk/pub/databases/metabolights/studies/public/MTBLS6990/FILES/RAW_FILES/untargeted/lcy20201008_55.raw.zip,82258043b1e57b54bbf6d0a935516e79aac41597a008675901422ab5c65dca90
lung,lcy20201008_6,qc1-4,lcy20201008_6.mzML,,qc,,qc1-4,discovery,lcy20201008,,lcy20201008_6.raw.zip,https://ftp.ebi.ac.uk/pub/databases/metabolights/studies/public/MTBLS6990/FILES/RAW_FILES/untargeted/lcy20201008_6.raw.zip,e7c97f01140420a293104eb25c5d1ef07753b7d7909e0a1557ea9c578175c67f
lung,lcy20201008_68,qc,lcy20201008_68.mzML,,qc,,qc,discovery,lcy20201008,,lcy20201008_68.raw.zip,https://ftp.ebi.ac.uk/pub/databases/metabolights/studies/public/MTBLS6990/FILES/RAW_FILES/untargeted/lcy20201008_68.raw.zip,d8e1503bc0756e2383b26b0dbbd962a526dd648032c005e720ac03b0666c4058
lung,lcy20201008_7,qc1-5,lcy20201008_7.mzML,,qc,,qc1-5,discovery,lcy20201008,,lcy20201008_7.raw.zip,https://ftp.ebi.ac.uk/pub/databases/metabolights/studies/public/MTBLS6990/FILES/RAW_FILES/untargeted/lcy20201008_7.raw.zip,ee0cb675fe43f31e09b481e1710aaa5df0b8d92605e50d61fff070f19f48a28b
lung,lcy20201008_8,qc1-6,lcy20201008_8.mzML,,qc,,qc1-6,discovery,lcy20201008,,lcy20201008_8.raw.zip,https://ftp.ebi.ac.uk/pub/databases/metabolights/studies/public/MTBLS6990/FILES/RAW_FILES/untargeted/lcy20201008_8.raw.zip,3a55c27d0356ce5df58fcf97ed9c497bd665fc956c21b8adca1cffd431a10739
lung,lcy20201008_81,qc6-6,lcy20201008_81.mzML,,qc,,qc6-6,discovery,lcy20201008,,lcy20201008_81.raw.zip,https://ftp.ebi.ac.uk/pub/databases/metabolights/studies/public/MTBLS6990/FILES/RAW_FILES/untargeted/lcy20201008_81.raw.zip,3c1d8f6896bad70f34982e9aadd3372044d749bbb9e08b71c43fca588dcd76de
lung,lcy20201008_9,qc1-7,lcy20201008_9.mzML,,qc,,qc1-7,discovery,lcy20201008,,lcy20201008_9.raw.zip,https://ftp.ebi.ac.uk/pub/databases/metabolights/studies/public/MTBLS6990/FILES/RAW_FILES/untargeted/lcy20201008_9.raw.zip,bc3c69114af2a8a8e38fe97048da59d6128b1d0d63110d742d3163a34f5991a6
lung,lcy20201008_94,qc6-7,lcy20201008_94.mzML,,qc,,qc6-7,discovery,lcy20201008,,lcy20201008_94.raw.zip,https://ftp.ebi.ac.uk/pub/databases/metabolights/studies/public/MTBLS6990/FILES/RAW_FILES/untargeted/lcy20201008_94.raw.zip,a34f7c4cde6441f698fc8cc64bcdd2831a998bfb3445b31e130a0769660ca8e9
lung,lcy20201125_1,QC1-1,lcy20201125_1.mzML,,qc,,QC1-1,validation,lcy20201125,,lcy20201125_1.raw.zip,https://ftp.ebi.ac.uk/pub/databases/metabolights/studies/public/MTBLS6990/FILES/RAW_FILES/untargeted/lcy20201125_1.raw.zip,af91038e1cbd226eae10efc59ed4e5ae6557a08fa7ec9e829a2a2bacc23f5104
lung,lcy20201125_10,QC3,lcy20201125_10.mzML,,qc,,QC3,validation,lcy20201125,,lcy20201125_10.raw.zip,https://ftp.ebi.ac.uk/pub/databases/metabolights/studies/public/MTBLS6990/FILES/RAW_FILES/untargeted/lcy20201125_10.raw.zip,de867df7a164868061c2d928ee478f3105e7f4d22dc7bc1bd284fd1d19c3c827
lung,lcy20201125_109,QC6-7,lcy20201125_109.mzML,,qc,,QC6-7,validation,lcy20201125,,lcy20201125_109.raw.zip,https://ftp.ebi.ac.uk/pub/databases/metabolights/studies/public/MTBLS6990/FILES/RAW_FILES/untargeted/lcy20201125_109.raw.zip,df8f4b9a72475e439ae68f436f1fdab28136d8c98111f1e5ba0f7d3f9442609c
lung,lcy20201125_11,QC4,lcy20201125_11.mzML,,qc,,QC4,validation,lcy20201125,,lcy20201125_11.raw.zip,https://ftp.ebi.ac.uk/pub/databases/metabolights/studies/public/MTBLS6990/FILES/RAW_FILES/untargeted/lcy20201125_11.raw.zip,9ba583102be7db14f543fc15d2bfc10882acdf6951e12b35265b884b9f75b845
lung,lcy20201125_12,QC5,lcy20201125_12.mzML,,qc,,QC5,validation,lcy20201125,,lcy20201125_12.raw.zip,https://ftp.ebi.ac.uk/pub/databases/metabolights/studies/public/MTBLS6990/FILES/RAW_FILES/untargeted/lcy20201125_12.raw.zip,dfd139fca0f28e77aaa9b5ef8934bae19f038ad9c6d5f0af074e2a60ee75c71b
lung,lcy20201125_125,QC6-8,lcy20201125_125.mzML,,qc,,QC6-8,validation,lcy20201125,,lcy20201125_125.raw.zip,https://ftp.ebi.ac.uk/pub/databases/metabolights/studies/public/MTBLS6990/FILES/RAW_FILES/untargeted/lcy20201125_125.raw.zip,8c36004f384c2b17a46036d672a4fc8df0c15cc00f5670fc144c12de523b8ff5
lung,lcy20201125_13,QC6-1,lcy20201125_13.mzML,,qc,,QC6-1,validation,lcy20201125,,lcy20201125_13.raw.zip,https://ftp.ebi.ac.uk/pub/databases/metabolights/studies/public/MTBLS6990/FILES/RAW_FILES/untargeted/lcy20201125_13.raw.zip,5107e965671e13a1b53970977ce871f4ee4f977b538f4895e5bd6a3f8317f74a
lung,lcy20201125_141,QC6-9,lcy20201125_141.mzML,,qc,,QC6-9,validation,lcy20201125,,lcy20201125_141.raw.zip,https://ftp.ebi.ac.uk/pub/databases/metabolights/studies/public/MTBLS6990/FILES/RAW_FILES/untargeted/lcy20201125_141.raw.zip,930d0cc0399de319aa1b73fe00efa5a494ec848fe78c1b09d7d853144751c660
lung,lcy20201125_157,QC6-10,lcy20201125_157.mzML,,qc,,QC6-10,validation,lcy20201125,,lcy20201125_157.raw.zip,https://ftp.ebi.ac.uk/pub/databases/metabolights/studies/public/MTBLS6990/FILES/RAW_FILES/untargeted/lcy20201125_157.raw.zip,5b004852a22f37d3c770d9f3b4690100e7122e452ffdeed97146de55b3b52b3a
lung,lcy20201125_173,QC6-11,lcy20201125_173.mzML,,qc,,QC6-11,validation,lcy20201125,,lcy20201125_173.raw.zip,https://ftp.ebi.ac.uk/pub/databases/metabolights/studies/public/MTBLS6990/FILES/RAW_FILES/untargeted/lcy20201125_173.raw.zip,453fa69697173a5822857db0d2d12a082babb9852c89293e3f623a779b929823
lung,lcy20201125_189,QC6-12,lcy20201125_189.mzML,,qc,,QC6-12,validation,lcy20201125,,lcy20201125_189.raw.zip,https://ftp.ebi.ac.uk/pub/databases/metabolights/studies/public/MTBLS6990/FILES/RAW_FILES/untargeted/lcy20201125_189.raw.zip,b8e2b084036110ec6a84f55e4a4bca3e528ae46dee3bd7cf47eaa887b14202d6
lung,lcy20201125_2,QC1-2,lcy20201125_2.mzML,,qc,,QC1-2,validation,lcy20201125,,lcy20201125_2.raw.zip,https://ftp.ebi.ac.uk/pub/databases/metabolights/studies/public/MTBLS6990/FILES/RAW_FILES/untargeted/lcy20201125_2.raw.zip,6411d416b415b622c9b8803d99fd1ab823e624a570cbbdd4143fe9ecce64858e
lung,lcy20201125_205,QC6-13,lcy20201125_205.mzML,,qc,,QC6-13,validation,lcy20201125,,lcy20201125_205.raw.zip,https://ftp.ebi.ac.uk/pub/databases/metabolights/studies/public/MTBLS6990/FILES/RAW_FILES/untargeted/lcy20201125_205.raw.zip,939223ce4200ab1ce606b05ef7840f21fcaab513344dbc92477e36477311ae79
lung,lcy20201125_221,QC6-14,lcy20201125_221.mzML,,qc,,QC6-14,validation,lcy20201125,,lcy20201125_221.raw.zip,https://ftp.ebi.ac.uk/pub/databases/metabolights/studies/public/MTBLS6990/FILES/RAW_FILES/untargeted/lcy20201125_221.raw.zip,395606ded14113ed3b9b6c4322ee97387507c48f361f95691f190df23c7c4dc8
lung,lcy20201125_241,QC6-15,lcy20201125_241.mzML,,qc,,QC6-15,validation,lcy20201125,,lcy20201125_241.raw.zip,https://ftp.ebi.ac.uk/pub/databases/metabolights/studies/public/MTBLS6990/FILES/RAW_FILES/untargeted/lcy20201125_241.raw.zip,c334a15031358c23423aee958942b7586d0d7965de09ec8b2a0cdfb7b36d1f63
lung,lcy20201125_29,QC6-2,lcy20201125_29.mzML,,qc,,QC6-2,validation,lcy20201125,,lcy20201125_29.raw.zip,https://ftp.ebi.ac.uk/pub/databases/metabolights/studies/public/MTBLS6990/FILES/RAW_FILES/untargeted/lcy20201125_29.raw.zip,5cefb4d0befc65815dd5e2c524c0015602a666d3b7adffa4e81373612eefcf30
lung,lcy20201125_3,QC1,lcy20201125_3.mzML,,qc,,QC1,validation,lcy20201125,,lcy20201125_3.raw.zip,https://ftp.ebi.ac.uk/pub/databases/metabolights/studies/public/MTBLS6990/FILES/RAW_FILES/untargeted/lcy20201125_3.raw.zip,a36cb77e3aec99439928ee453e70d69c3b5b696a719b76df28a93ce113eea542
lung,lcy20201125_4,QC1-4,lcy20201125_4.mzML,,qc,,QC1-4,validation,lcy20201125,,lcy20201125_4.raw.zip,https://ftp.ebi.ac.uk/pub/databases/metabolights/studies/public/MTBLS6990/FILES/RAW_FILES/untargeted/lcy20201125_4.raw.zip,6ec1bc71e93c3645c025705fb18d96c94e29abbe1494d58f8a9af387a69b030e
lung,lcy20201125_45,QC6-3,lcy20201125_45.mzML,,qc,,QC6-3,validation,lcy20201125,,lcy20201125_45.raw.zip,https://ftp.ebi.ac.uk/pub/databases/metabolights/studies/public/MTBLS6990/FILES/RAW_FILES/untargeted/lcy20201125_45.raw.zip,088e95831dfa9ea22aae1259fc815ebdb149945f9df79ea4303630c09fd9b253
lung,lcy20201125_5,QC1-5,lcy20201125_5.mzML,,qc,,QC1-5,validation,lcy20201125,,lcy20201125_5.raw.zip,https://ftp.ebi.ac.uk/pub/databases/metabolights/studies/public/MTBLS6990/FILES/RAW_FILES/untargeted/lcy20201125_5.raw.zip,902b4289cd134134608b2bf8dcfe5069595330366843a894c5c072325d3afe27
lung,lcy20201125_6,QC1-6,lcy20201125_6.mzML,,qc,,QC1-6,validation,lcy20201125,,lcy20201125_6.raw.zip,https://ftp.ebi.ac.uk/pub/databases/metabolights/studies/public/MTBLS6990/FILES/RAW_FILES/untargeted/lcy20201125_6.raw.zip,5cb21bc6709c6d03f2ce4834f5d56eca250a238a39597616616ed5ee39dff9b2
lung,lcy20201125_61,QC6-4,lcy20201125_61.mzML,,qc,,QC6-4,validation,lcy20201125,,lcy20201125_61.raw.zip,https://ftp.ebi.ac.uk/pub/databases/metabolights/studies/public/MTBLS6990/FILES/RAW_FILES/untargeted/lcy20201125_61.raw.zip,f7ad1731da634b828dfb2ca9e0cad874af6f0403b8896b4e411d660eec0e0a23
lung,lcy20201125_7,QC1-7,lcy20201125_7.mzML,,qc,,QC1-7,validation,lcy20201125,,lcy20201125_7.raw.zip,https://ftp.ebi.ac.uk/pub/databases/metabolights/studies/public/MTBLS6990/FILES/RAW_FILES/untargeted/lcy20201125_7.raw.zip,97139c7e50321548098aa9da2773048594c99f0caf993e8f47b06d44f03206bd
lung,lcy20201125_77,QC6-5,lcy20201125_77.mzML,,qc,,QC6-5,validation,lcy20201125,,lcy20201125_77.raw.zip,https://ftp.ebi.ac.uk/pub/databases/metabolights/studies/public/MTBLS6990/FILES/RAW_FILES/untargeted/lcy20201125_77.raw.zip,125812583b7615e4bd30701dd196d4bb6c3f86177e365ed470530c8de2595d33
lung,lcy20201125_8,QC1-8,lcy20201125_8.mzML,,qc,,QC1-8,validation,lcy20201125,,lcy20201125_8.raw.zip,https://ftp.ebi.ac.uk/pub/databases/metabolights/studies/public/MTBLS6990/FILES/RAW_FILES/untargeted/lcy20201125_8.raw.zip,0d076a70aebd908e39fee19ec3359e8f46d2889786684a57aa85300525f276e5
lung,lcy20201125_9,QC2,lcy20201125_9.mzML,,qc,,QC2,validation,lcy20201125,,lcy20201125_9.raw.zip,https://ftp.ebi.ac.uk/pub/databases/metabolights/studies/public/MTBLS6990/FILES/RAW_FILES/untargeted/lcy20201125_9.raw.zip,d6b48d80694b2d111e43518681fcc6a1288ecd36117bde5fef55992bf8078221
lung,lcy20201125_93,QC6-6,lcy20201125_93.mzML,,qc,,QC6-6,validation,lcy20201125,,lcy20201125_93.raw.zip,https://ftp.ebi.ac.uk/pub/databases/metabolights/studies/public/MTBLS6990/FILES/RAW_FILES/untargeted/lcy20201125_93.raw.zip,4eb8432d506febbb0157d73c312276f5b70459ca472fd364d307d7bb172726f2
